;TotalScore_MES;TotalDispersion_MES;TotalScore_EPI;TotalDispersion_EPI
TCGA.3C.AAAU.01;0.0906930132043253;3644.2308;0.272212763251782;3952.6116
TCGA.3C.AALI.01;0.16648750528841;4736.907;0.320982429864285;2835.4725
TCGA.3C.AALJ.01;0.193347062690954;4699.842;0.253193285622443;4174.2603
TCGA.3C.AALK.01;0.229675071869642;5291.3994;0.304265014447498;3234.2919
TCGA.4H.AAAK.01;0.240330998815162;5467.8288;0.268284739344529;4222.4448
TCGA.5L.AAT0.01;0.232289978330702;5458.9332;0.256076073671643;4132.7475
TCGA.5L.AAT1.01;0.234036472158644;4659.8118;0.272543395479947;4308.4356
TCGA.5T.A9QA.01;0.0140769863620542;3276.546;0.331109808049623;2647.1823
TCGA.A1.A0SB.01;0.190322560797674;6425.5884;0.212864984775375;5977.1019
TCGA.A1.A0SD.01;0.23903775544047;4824.3804;0.296707100821635;3454.458
TCGA.A1.A0SE.01;0.218273200739264;5281.0212;0.281349657710866;3972.6267
TCGA.A1.A0SF.01;0.215163439710951;5071.9746;0.291540972256565;3447.7863
TCGA.A1.A0SG.01;0.209138167848575;5138.6916;0.284757712985793;3795.456
TCGA.A1.A0SH.01;0.290988402413742;4468.5564;0.272332158223064;3733.1868
TCGA.A1.A0SI.01;0.263233770586712;4962.2622;0.290782920160795;3902.9445
TCGA.A1.A0SJ.01;0.231889758473469;4814.0022;0.282128197701117;4240.236
TCGA.A1.A0SK.01;0.104662619934113;5113.4874;0.196088225112507;5384.0619
TCGA.A1.A0SM.01;0.2270428791922;4745.8026;0.318948123238218;3040.8126
TCGA.A1.A0SN.01;0.21808129443876;4707.255;0.317386804382997;2861.418
TCGA.A1.A0SO.01;0.0928622868668117;3214.2768;0.19263919404862;6189.855
TCGA.A1.A0SP.01;0.204361312392987;4962.2622;0.22131659448805;5510.0829
TCGA.A1.A0SQ.01;0.153772760673213;3810.282;0.306506672695289;3066.7581
TCGA.A2.A04N.01;0.222129491925872;5555.3022;0.287165393826785;3536.001
TCGA.A2.A04P.01;0.204817199726702;4471.5216;0.225440666351106;5029.7205
TCGA.A2.A04Q.01;0.248192125454569;4762.1112;0.204284089383738;5634.6213
TCGA.A2.A04R.01;0.163924457476494;4773.972;0.282849159643087;3794.7147
TCGA.A2.A04T.01;0.170299848467269;4937.058;0.189803033621341;6312.1695
TCGA.A2.A04U.01;0.157179903220627;4720.5984;0.177517008484814;5958.5694
TCGA.A2.A04V.01;0.213179040667729;5463.381;0.24923488311303;4515.9996
TCGA.A2.A04W.01;0.210233645188396;5654.6364;0.322456145308625;3021.5388
TCGA.A2.A04X.01;0.16597302061103;4609.4034;0.293688315541834;3562.6878
TCGA.A2.A04Y.01;0.179495529608652;4320.2964;0.274481620945693;4449.2826
TCGA.A2.A0CK.01;0.202909270216962;5008.2228;0.260176831723738;4283.2314
TCGA.A2.A0CL.01;0.279065014924743;3829.5558;0.203194698580683;5254.3344
TCGA.A2.A0CM.01;0.216844597500706;4947.4362;0.192960642048224;6527.8878
TCGA.A2.A0CO.01;0.271299987928947;4579.7514;0.277104777918289;4148.3148
TCGA.A2.A0CP.01;0.253011463984315;5135.7264;0.253150190396123;3992.6418
TCGA.A2.A0CQ.01;0.127177477290599;4846.6194;0.287790627847994;3386.2584
TCGA.A2.A0CR.01;0.236444237009848;5132.7612;0.237547952270271;4911.8538
TCGA.A2.A0CS.01;0.188378007948144;5613.1236;0.289829526588342;3547.1205
TCGA.A2.A0CT.01;0.158137383816117;4317.3312;0.278805273160152;4150.5387
TCGA.A2.A0CU.01;0.183160793454911;4719.1158;0.290295096328428;3561.9465
TCGA.A2.A0CV.01;0.238921439713295;5175.7566;0.292071891315252;3249.1179
TCGA.A2.A0CW.01;0.105820503444938;3664.9872;0.315661582371933;3120.873
TCGA.A2.A0CX.01;0.225345900119656;4349.9484;0.281569019477629;3825.108
TCGA.A2.A0CY.01;0.0865648303431109;5064.5616;0.317815990448402;2650.1475
TCGA.A2.A0CZ.01;0.289843703305242;4271.3706;0.234974602075636;5297.3298
TCGA.A2.A0D0.01;0.137510532872524;4593.0948;0.196584526694314;5364.7881
TCGA.A2.A0D1.01;0.124785533722185;4508.5866;0.24561559058122;5121.6417
TCGA.A2.A0D2.01;0.206149703321649;4593.0948;0.195517743223099;6239.5221
TCGA.A2.A0D3.01;0.131592494149055;3951.129;0.30959433968929;2492.9919
TCGA.A2.A0D4.01;0.126191283996714;3957.0594;0.311993896020403;3516.7272
TCGA.A2.A0EM.01;0.205031373017798;5326.9818;0.268510812662932;4187.6037
TCGA.A2.A0EN.01;0.282278493251344;3983.7462;0.250891223409892;5003.775
TCGA.A2.A0EO.01;0.273404218539965;4471.5216;0.27356531752704;4492.278
TCGA.A2.A0EP.01;0.314122047719333;3100.1166;0.201565204490381;5499.7047
TCGA.A2.A0EQ.01;0.193702162593565;4725.0462;0.231283248673585;4794.7284
TCGA.A2.A0ER.01;0.140076803538342;3761.3562;0.303506962351728;3553.0509
TCGA.A2.A0ES.01;0.271212091913449;4541.2038;0.279732880244724;4404.0633
TCGA.A2.A0ET.01;0.0844412626086835;3306.198;0.24483775707009;4379.6004
TCGA.A2.A0EU.01;0.165255789124567;4435.9392;0.296984393876239;3615.3201
TCGA.A2.A0EV.01;0.223149964665802;4668.7074;0.290697789426834;3673.8828
TCGA.A2.A0EW.01;0.292145992937848;3691.674;0.264581022557878;4514.517
TCGA.A2.A0EX.01;0.259076289053665;4384.0482;0.280943078977301;4005.9852
TCGA.A2.A0EY.01;0.188942007380921;4594.5774;0.301086211647015;3518.9511
TCGA.A2.A0ST.01;0.234917190233932;4864.4106;0.205586130401916;6135.7401
TCGA.A2.A0SU.01;0.213016433039057;4570.8558;0.290887832310116;3705.0174
TCGA.A2.A0SV.01;0.210590795998036;5352.186;0.279748776024925;3663.5046
TCGA.A2.A0SW.01;0.21090868658742;4888.1322;0.306707666004931;3471.5079
TCGA.A2.A0SX.01;0.26248313861436;4619.7816;0.212451341250609;6194.3028
TCGA.A2.A0SY.01;0.263483688257444;4229.8578;0.2558450549994;4027.4829
TCGA.A2.A0T0.01;0.190418953428003;4704.2898;0.237286554995867;5223.9411
TCGA.A2.A0T1.01;0.256661492521221;4333.6398;0.276514867853081;4162.3995
TCGA.A2.A0T2.01;0.163726398454905;4787.3154;0.239413763626216;4301.7639
TCGA.A2.A0T3.01;0.157139764040216;4458.1782;0.310171179890778;3286.1829
TCGA.A2.A0T4.01;0.263291195983504;4474.4868;0.277311423060891;4036.3785
TCGA.A2.A0T5.01;0.191619027026267;5211.339;0.297570418306287;3147.5598
TCGA.A2.A0T6.01;0.302302963502059;4020.8112;0.243688315541834;4559.7363
TCGA.A2.A0T7.01;0.23381497419959;5315.121;0.28672773001194;4110.5085
TCGA.A2.A0YC.01;0.191724209258146;4447.8;0.278206178866384;3974.8506
TCGA.A2.A0YD.01;0.27980070457446;4573.821;0.276714801444043;4407.7698
TCGA.A2.A0YE.01;0.190683520434652;5670.945;0.211653019844999;5901.4893
TCGA.A2.A0YF.01;0.162124933052535;3918.5118;0.331192819346224;2822.1291
TCGA.A2.A0YG.01;0.145021247396813;3590.8572;0.314889400693763;3163.1271
TCGA.A2.A0YH.01;0.234015377114925;4812.5196;0.273299681377917;4311.4008
TCGA.A2.A0YI.01;0.243259401064831;4137.9366;0.289056638431051;3636.0765
TCGA.A2.A0YJ.01;0.12404955108575;4351.431;0.247217178746282;5209.1151
TCGA.A2.A0YK.01;0.297724167068058;3899.238;0.263541791772344;4665.7422
TCGA.A2.A0YL.01;0.255717196328056;4634.6076;0.277143987509449;3903.6858
TCGA.A2.A0YM.01;0.187714686017853;5178.7218;0.228136237433503;5085.318
TCGA.A2.A0YT.01;0.167521748404101;3829.5558;0.309487661342169;2944.4436
TCGA.A2.A1FV.01;0.19829062758927;4765.0764;0.220336001469477;5364.7881
TCGA.A2.A1FW.01;0.182564858469836;3753.9432;0.2632295280013;4432.2327
TCGA.A2.A1FX.01;0.192418880767297;4507.104;0.248606823175341;4111.2498
TCGA.A2.A1FZ.01;0.250868266139759;4517.4822;0.291248489900881;3362.5368
TCGA.A2.A1G0.01;0.241046472381314;4475.9694;0.277168361039089;3957.8007
TCGA.A2.A1G1.01;0.248109503200001;4237.2708;0.204052364232375;6139.4466
TCGA.A2.A1G4.01;0.116662476956595;3553.7922;0.275520145252107;4140.9018
TCGA.A2.A1G6.01;0.257475702611449;4876.2714;0.255062629373989;4587.1644
TCGA.A2.A259.01;0.237533854615303;4756.1808;0.266405151645743;4051.9458
TCGA.A2.A25A.01;0.302045135189932;3638.3004;0.24630016884851;4667.2248
TCGA.A2.A25B.01;0.209628334628335;4219.4796;0.297567239150247;3386.2584
TCGA.A2.A25C.01;0.203869680679635;4440.387;0.304740121655704;3129.0273
TCGA.A2.A25D.01;0.20854574870412;4587.1644;0.268295689770889;4169.0712
TCGA.A2.A25E.01;0.179776210884808;3670.9176;0.292305029424855;3507.8316
TCGA.A2.A25F.01;0.334216541795727;2438.877;0.0834683885917752;5885.1807
TCGA.A2.A3KC.01;0.251528365216148;5017.1184;0.287124771277385;3888.1185
TCGA.A2.A3KD.01;0.18979811457187;4609.4034;0.290619370244512;3742.0824
TCGA.A2.A3XS.01;0.180928527647985;4501.1736;0.23089574487626;5767.314
TCGA.A2.A3XT.01;0.186278172137901;4730.9766;0.179018983093955;6570.8832
TCGA.A2.A3XU.01;0.0827032653955732;4523.4126;0.204846093523706;6313.6521
TCGA.A2.A3XV.01;0.135846075325713;4696.8768;0.264015839261871;4108.2846
TCGA.A2.A3XW.01;0.193653233811605;5051.2182;0.278884045582033;4050.4632
TCGA.A2.A3XX.01;0.169022719362086;5423.3508;0.216820208128749;6216.5418
TCGA.A2.A3XY.01;0.25926087068621;4680.5682;0.17355436710068;6776.9646
TCGA.A2.A3XZ.01;0.172867877053397;4576.7862;0.314984068895844;3295.0785
TCGA.A2.A3Y0.01;0.114369269912256;4240.236;0.234962591930595;4932.6102
TCGA.A2.A4RW.01;0.22545020339138;4762.1112;0.282151511512077;3821.4015
TCGA.A2.A4RX.01;0.278237034458754;4621.2642;0.222405985291105;5707.2687
TCGA.A2.A4RY.01;0.250180040338411;5123.8656;0.267827294114322;4100.8716
TCGA.A2.A4S0.01;0.0813528896108082;3438.1494;0.270976071552205;3811.0233
TCGA.A2.A4S1.01;0.286241724590141;3748.0128;-0.0352614325983596;4759.146
TCGA.A2.A4S2.01;0.211003614284157;4404.8046;0.281922612277194;3636.0765
TCGA.A2.A4S3.01;0.154544194702566;4410.735;0.293298692307149;3528.588
TCGA.A7.A0CD.01;0.141497496135505;4001.5374;0.298133128925375;3361.7955
TCGA.A7.A0CE.01;0.17120459145346;5734.6968;0.234674348449632;5817.7224
TCGA.A7.A0CG.01;0.286502775756169;3973.368;0.289201113411093;3565.653
TCGA.A7.A0CH.01;0.175172803566469;4609.4034;0.29561806325814;3566.3943
TCGA.A7.A0CJ.01;0.126520015094676;4173.519;0.271621086988774;3518.2098
TCGA.A7.A0D9.01;0.172240299502743;4840.689;0.287337774732068;4014.1395
TCGA.A7.A0DA.01;0.202173287580527;5627.9496;0.233137049884491;5166.861
TCGA.A7.A0DB.01;0.219986001094598;4848.102;0.28679307933054;3825.8493
TCGA.A7.A0DB.01.1;0.248519391618939;4299.54;0.250062170162561;4886.6496
TCGA.A7.A0DB.01.2;0.243361946416245;4607.9208;0.199863649529838;5637.5865
TCGA.A7.A0DC.01;0.0622249587181714;3620.5092;0.221203911068408;5297.3298
TCGA.A7.A0DC.01.1;0.14371774948698;5015.6358;0.19779931754117;6143.8944
TCGA.A7.A13D.01;0.186377787622132;5384.8032;0.248802164652024;5231.3541
TCGA.A7.A13D.01.1;0.192686963614565;5737.662;0.229795050407285;5395.1814
TCGA.A7.A13D.01.2;0.200249536787998;5675.3928;0.198461994955739;6301.7913
TCGA.A7.A13E.01;0.15362978315467;4704.2898;0.239329339371375;5310.6732
TCGA.A7.A13E.01.1;0.162196714798525;4793.2458;0.214099203798032;5418.903
TCGA.A7.A13E.01.2;0.27454452284769;3607.1658;0.177772400686698;6461.9121
TCGA.A7.A13F.01;0.157929656232824;4108.2846;0.299617088316955;3452.2341
TCGA.A7.A13G.01;0.124351913379063;3798.4212;0.263496930348224;3254.307
TCGA.A7.A13G.01.1;0.17829867886429;5066.0442;0.249671840448756;4223.1861
TCGA.A7.A13H.01;0.210834267960965;4981.536;0.294663256727447;3703.5348
TCGA.A7.A26E.01;0.22728283531451;4441.8696;0.282233109850438;3218.7246
TCGA.A7.A26E.01.1;0.235901918594226;4228.3752;0.241073283079119;4492.278
TCGA.A7.A26E.01.2;0.232153446519962;4879.2366;0.221569160773453;4835.4999
TCGA.A7.A26F.01;0.242959089678547;4392.9438;0.250904293273612;4719.1158
TCGA.A7.A26F.01.1;0.251186156729143;4126.0758;0.251210905211697;5219.4933
TCGA.A7.A26G.01;0.296837882245122;4142.3844;0.218322889217009;5946.7086
TCGA.A7.A26H.01;0.231886828606286;4898.5104;0.285531660861763;3621.2505
TCGA.A7.A26I.01;0.228116675514866;4895.5452;0.158453729150035;7100.9127
TCGA.A7.A26I.01.1;0.260562610675733;4400.3568;0.13600782778865;7709.52
TCGA.A7.A26J.01;0.214019912549324;4708.7376;0.285547203402403;3590.1159
TCGA.A7.A26J.01.1;0.19338104915028;4680.5682;0.25956572728493;3971.8854
TCGA.A7.A26J.01.2;0.239208566697254;4541.2038;0.213852289345588;5413.7139
TCGA.A7.A2KD.01;0.210203760543127;5410.0074;0.27130423110345;4453.7304
TCGA.A7.A3IY.01;0.219834526961224;4824.3804;0.250059344246081;4628.6772
TCGA.A7.A3IZ.01;0.104027424728782;3186.1074;0.245402233886977;4539.7212
TCGA.A7.A3J0.01;0.0877016188102161;3871.0686;0.286334927621214;4052.6871
TCGA.A7.A3J1.01;0.229994720379336;4944.471;0.275937321172473;3880.7055
TCGA.A7.A3RF.01;0.107605085546262;4007.4678;0.272929839558592;3521.175
TCGA.A7.A425.01;0.206022547085896;5326.9818;0.29191893858577;3627.1809
TCGA.A7.A426.01;0.229763846845295;5407.0422;0.276932397013006;3821.4015
TCGA.A7.A4SA.01;0.222513597513598;4664.2596;0.259680883381492;4639.0554
TCGA.A7.A4SB.01;0.167235793367015;4971.1578;0.274560040128014;3738.3759
TCGA.A7.A4SC.01;0.22564972734656;4962.2622;0.297697231308329;2982.9912
TCGA.A7.A4SD.01;0.211201966292464;5226.165;0.228012250347941;5845.1505
TCGA.A7.A4SE.01;0.242966414346505;5150.5524;0.205691042551237;6231.3678
TCGA.A7.A4SF.01;0.116048376794983;4492.278;0.300097494118561;3200.1921
TCGA.A7.A56D.01;0.198864295583753;5331.4296;0.259443506397169;4215.7731
TCGA.A7.A5ZV.01;0.147130458782043;5473.7592;0.138355104664882;6484.1511
TCGA.A7.A5ZW.01;0.266573526188911;4665.7422;0.263144397267339;4094.9412
TCGA.A7.A5ZX.01;0.22948814634335;5561.2326;0.278836711480992;4026.7416
TCGA.A7.A6VV.01;0.240993441785297;5332.9122;0.217780666492402;5953.3803
TCGA.A7.A6VW.01;0.14238231602485;5490.0678;0.26984747115799;4305.4704
TCGA.A7.A6VX.01;0.191154057104283;5453.0028;0.275899171299992;4114.215
TCGA.A7.A6VY.01;0.21481361356927;5230.6128;0.216220760595421;5272.1256
TCGA.A8.A06N.01;0.00245889103355168;2594.55;0.273353373791038;4121.628
TCGA.A8.A06O.01;0.175196535490653;4023.7764;0.273925621878245;3533.7771
TCGA.A8.A06P.01;0.248686980021822;5168.3436;0.288703398871046;3819.9189
TCGA.A8.A06Q.01;0.0505916280803159;2624.202;0.293949359576678;3149.7837
TCGA.A8.A06R.01;0.241855994684049;4728.0114;0.256132592001243;4467.0738
TCGA.A8.A06T.01;0.155230369596885;3687.2262;0.254370279836379;4730.9766
TCGA.A8.A06U.01;0.147644650472705;4395.909;0.278266582831144;3832.521
TCGA.A8.A06X.01;0.159632495039735;4258.0272;0.260465428444262;4692.429
TCGA.A8.A06Y.01;0.090400612459436;3842.8992;0.296369757041831;3759.8736
TCGA.A8.A06Z.01;0.0797657805576358;3236.5158;0.29702219050916;3662.7633
TCGA.A8.A075.01;0.193513772133682;5069.0094;0.302535906801275;3588.6333
TCGA.A8.A076.01;0.198662427734826;5248.404;0.318803648258176;2817.6813
TCGA.A8.A079.01;0.119699577278763;4179.4494;0.273066896507874;3604.9419
TCGA.A8.A07B.01;0.197519193559918;4554.5472;0.285054080976637;3635.3352
TCGA.A8.A07C.01;0.191639243109831;3780.63;0.149512882646753;6572.3658
TCGA.A8.A07E.01;0.285431909300688;4065.2892;0.275323744056744;4286.1966
TCGA.A8.A07F.01;0.188456235401937;4837.7238;0.280931068832261;3553.7922
TCGA.A8.A07G.01;0.25555370973923;4898.5104;0.27717542583029;4290.6444
TCGA.A8.A07I.01;0.223082284733868;4575.3036;0.272992716200273;4218.7383
TCGA.A8.A07J.01;0.279348040094646;4590.1296;0.239976121005744;4609.4034
TCGA.A8.A07L.01;0.171183789396459;4655.364;0.276190593936996;4106.0607
TCGA.A8.A07O.01;0.159587082098394;4584.1992;0.216696221043187;5607.1932
TCGA.A8.A07P.01;0.176458722273202;4195.758;0.292691120263941;3509.3142
TCGA.A8.A07R.01;0.141946644774699;5126.8308;0.231386747864667;5282.5038
TCGA.A8.A07S.01;0.145864756158874;4329.192;0.281853377323433;4005.9852
TCGA.A8.A07U.01;0.234026217623503;4530.8256;0.235575815806764;5287.6929
TCGA.A8.A07W.01;0.185728822041039;4763.5938;0.296281093912269;3992.6418
TCGA.A8.A07Z.01;0.115841821158563;3819.1776;0.280270864094612;3759.1323
TCGA.A8.A081.01;0.115586629726901;3832.521;0.299400905706232;3958.542
TCGA.A8.A082.01;0.143217328172079;4776.9372;0.292201176994214;3396.6366
TCGA.A8.A083.01;0.0789000048049822;3404.0496;0.282005976813355;3690.1914
TCGA.A8.A084.01;0.156969831743587;4873.3062;0.325102969331741;2847.3333
TCGA.A8.A085.01;0.153993379672113;5039.3574;0.284406946102708;3781.3713
TCGA.A8.A086.01;0.211574645398175;5550.8544;0.256301440510926;4125.3345
TCGA.A8.A08A.01;0.164336103815742;4871.8236;0.284718150155072;3364.7607
TCGA.A8.A08B.01;0.108929971486533;4309.9182;0.306260817961525;3077.1363
TCGA.A8.A08C.01;0.129500275993489;3670.9176;0.259120998678884;3822.1428
TCGA.A8.A08F.01;0.197859937113331;4858.4802;0.2544381018319;4881.4605
TCGA.A8.A08G.01;0.157430992838233;3894.7902;0.289564596918338;3589.3746
TCGA.A8.A08H.01;0.327934906554816;2916.2742;0.156121641574883;5339.5839
TCGA.A8.A08I.01;0.135875959970983;5414.4552;0.232075918246236;5356.6338
TCGA.A8.A08J.01;0.19383429960353;4701.3246;0.297981942393693;3585.6681
TCGA.A8.A08L.01;0.177531639635712;4283.2314;0.276271132556677;3991.9005
TCGA.A8.A08O.01;0.200110075110075;5230.6128;0.275273230799664;4309.1769
TCGA.A8.A08P.01;0.224006657830187;4766.559;0.281136654256184;3810.282
TCGA.A8.A08R.01;0.229390874752866;4988.949;0.195075840533533;6541.9725
TCGA.A8.A08S.01;0.150931082492168;4788.798;0.285394957152041;3673.8828
TCGA.A8.A08T.01;0.176650628573706;4391.4612;0.295815877411743;3198.7095
TCGA.A8.A08X.01;0.244937043013966;4867.3758;0.246189251626668;5008.9641
TCGA.A8.A08Z.01;0.275731705030348;4621.2642;0.241871251245169;4441.1283
TCGA.A8.A090.01;0.192901136905662;4538.2386;0.264086487173872;3891.0837
TCGA.A8.A091.01;0.170148374333895;4068.2544;0.264759055296121;3963.7311
TCGA.A8.A092.01;0.156028172430887;4169.0712;0.30216924413799;3609.3897
TCGA.A8.A093.01;0.184616937444992;5074.9398;0.286956276007263;3799.9038
TCGA.A8.A094.01;0.204448622435048;4535.2734;0.319758101549309;3203.8986
TCGA.A8.A095.01;0.186533363569563;4897.0278;0.288137862335479;3681.2958
TCGA.A8.A096.01;0.245009410733393;5223.1998;0.278929966724834;3793.9734
TCGA.A8.A097.01;0.234223397684936;4991.9142;0.264232375112154;4292.8683
TCGA.A8.A099.01;0.146899585248002;3685.7436;0.31840095515977;2994.1107
TCGA.A8.A09A.01;0.242106791314936;4467.0738;0.281098151144143;4016.3634
TCGA.A8.A09B.01;0.170745481265843;4544.169;0.279069143111475;3779.8887
TCGA.A8.A09C.01;0.149423958813099;4566.408;0.29998163154288;3624.2157
TCGA.A8.A09D.01;0.259321225950185;4524.8952;0.272012123181699;4177.9668
TCGA.A8.A09E.01;0.124635524522402;3924.4422;0.305587896599716;3520.4337
TCGA.A8.A09G.01;0.162434913000524;4246.1664;0.316625219891626;2893.2939
TCGA.A8.A09I.01;0.17358159269924;4702.8072;0.313816258910468;2859.1941
TCGA.A8.A09K.01;0.0903549065313771;3525.6228;0.273385518590998;3770.2518
TCGA.A8.A09M.01;0.143655636302695;4176.4842;0.276273958473157;3818.4363
TCGA.A8.A09N.01;0.160813231514589;3977.8158;0.313872777240069;3123.8382
TCGA.A8.A09Q.01;0.207548128928219;4471.5216;0.254911796081867;4963.0035
TCGA.A8.A09R.01;0.205929963282904;5060.1138;0.290988858824277;3508.5729
TCGA.A8.A09T.01;0.185814960136227;5620.5366;0.276161628293076;4427.0436
TCGA.A8.A09V.01;0.18947436424812;5037.8748;0.279341844051799;3873.2925
TCGA.A8.A09W.01;0.205635804617705;4392.9438;0.307978975181389;3438.8907
TCGA.A8.A09X.01;0.223988785640369;4259.5098;0.275599977392668;4225.41
TCGA.A8.A09Z.01;0.122106170183093;4320.2964;0.27282280797191;3826.5906
TCGA.A8.A0A1.01;0.241225194279493;4615.3338;0.26694242901651;4267.6641
TCGA.A8.A0A2.01;0.191883887019634;4369.2222;0.274356220901891;3808.7994
TCGA.A8.A0A4.01;0.228692687403095;5458.9332;0.254249471906858;4750.2504
TCGA.A8.A0A6.01;0.232011640948293;4662.777;0.300574720764128;3813.2472
TCGA.A8.A0A7.01;0.280227586223061;3945.1986;0.26692406055939;4344.7593
TCGA.A8.A0A9.01;0.18039558480735;5076.4224;0.291603142419126;3554.5335
TCGA.A8.A0AB.01;0.132886323497183;3881.4468;0.279797169844645;4002.2787
TCGA.A8.A0AD.01;0.215622842885286;4837.7238;0.270349071333197;3860.6904
TCGA.AC.A23C.01;0.214591822623497;4649.4336;0.291617272001526;3420.3582
TCGA.AC.A23E.01;0.286763826922198;4213.5492;0.270494606031919;4512.2931
TCGA.AC.A23G.01;0.307093589333408;4040.085;0.239079245762891;4736.1657
TCGA.AC.A23H.01;0.16064681505858;4627.1946;0.32281291726423;2710.1928
TCGA.AC.A2B8.01;0.265569167718489;4588.647;0.27353493892488;3873.2925
TCGA.AC.A2BK.01;0.135943932889634;5180.2044;0.16837057655761;5878.509
TCGA.AC.A2BM.01;0.154793233413143;4210.584;0.21099599426339;5477.4657
TCGA.AC.A2FB.01;0.25062655209714;4384.0482;0.265895780200216;4313.6247
TCGA.AC.A2FE.01;0.24860494374069;4848.102;0.273625015012681;3762.0975
TCGA.AC.A2FF.01;0.320674695674696;3341.7804;0.22349749553152;4893.3213
TCGA.AC.A2FG.01;0.220660456520185;5243.9562;0.291778702480448;3665.7285
TCGA.AC.A2FK.01;0.236858227242843;5417.4204;0.280219291118851;3753.2019
TCGA.AC.A2FM.01;0.128457536262966;3914.064;0.262361265162808;4427.7849
TCGA.AC.A2FO.01;0.278503652372431;3829.5558;0.273024507760673;4715.4093
TCGA.AC.A2QH.01;0.282621580698504;3776.1822;-0.114374377415276;4608.6621
TCGA.AC.A2QH.01.1;0.244371578647597;5129.796;-0.13749602605495;4111.2498
TCGA.AC.A2QI.01;0.235567913735335;4913.3364;0.285681434435205;3449.2689
TCGA.AC.A2QJ.01;0.250284636596854;4886.6496;0.0901774675549464;5346.2556
TCGA.AC.A3BB.01;0.265032709037234;4329.192;0.263825443139028;4077.8913
TCGA.AC.A3EH.01;0.176671137643988;4524.8952;0.298202717118696;3232.8093
TCGA.AC.A3HN.01;0.277317349149928;4438.9044;0.265087921326485;4113.4737
TCGA.AC.A3OD.01;0.228182304539771;3857.7252;0.230108727136569;4928.9037
TCGA.AC.A3OD.01.1;0.256840800392837;3553.7922;0.2117342649438;5579.7651
TCGA.AC.A3QP.01;0.230747989232152;4507.104;0.269538386542986;3876.999
TCGA.AC.A3QQ.01;0.197677406387814;4341.0528;0.282625912241164;3544.1553
TCGA.AC.A3QQ.01.1;0.241777767230256;4446.3174;0.250035677195561;4345.5006
TCGA.AC.A3TM.01;0.149794587011781;5574.576;0.270825238260083;3968.1789
TCGA.AC.A3TN.01;0.146346426323802;4719.1158;0.289613697217179;3320.2827
TCGA.AC.A3W5.01;0.259538622095183;4732.4592;0.284275894225946;3742.8237
TCGA.AC.A3W6.01;0.266048786976389;4658.3292;0.254216267388217;4187.6037
TCGA.AC.A3W7.01;0.20334728536086;5438.1768;0.315853744692576;3064.5342
TCGA.AC.A3YI.01;0.263551075202659;5245.4388;0.260557270729864;4091.2347
TCGA.AC.A3YJ.01;0.100050423014224;4326.2268;0.27496520590334;3748.7541
TCGA.AC.A4ZE.01;0.152121780515446;4782.8676;0.277828919016298;3848.8296
TCGA.AC.A5EH.01;0.23197355267491;5046.7704;0.283984471588942;3473.7318
TCGA.AC.A5XS.01;0.206041591222587;5352.186;0.283666202745378;3963.7311
TCGA.AC.A5XU.01;0.180030230369597;5134.2438;0.241390492204003;5226.9063
TCGA.AC.A62V.01;0.1496094194058;4815.4848;0.26837481543233;4232.0817
TCGA.AC.A62X.01;0.104149014216887;4932.6102;0.240529647396271;5201.7021
TCGA.AC.A62Y.01;0.195521024140934;4975.6056;0.283748860802419;3351.4173
TCGA.AC.A6IV.01;0.292539767087278;3875.5164;0.230643178590857;5120.9004
TCGA.AC.A6IW.01;0.164909185836788;5163.8958;0.194353112393763;6389.2647
TCGA.AC.A6IX.01;0.246734223544178;4788.798;0.288603078836005;3759.8736
TCGA.AC.A6IX.06;0.198794564744791;5024.5314;0.318189717902887;3101.5992
TCGA.AC.A6NO.01;0.138628863176375;4643.5032;0.294601793044007;2859.9354
TCGA.AC.A7VB.01;0.0546884613626695;3192.0378;0.274531427723654;3904.4271
TCGA.AC.A7VC.01;0.255348033062965;4864.4106;-0.0369693458709827;3705.7587
TCGA.AC.A8OP.01;0.195684217743041;4450.7652;0.283363829682014;3269.133
TCGA.AC.A8OQ.01;0.24822523295374;4258.0272;0.197978409998093;6770.2929
TCGA.AC.A8OR.01;0.0595792886516869;3866.6208;0.283156478060291;3711.6891
TCGA.AC.A8OS.01;0.255627542392248;4455.213;0.269723484072428;3966.6963
TCGA.AN.A03X.01;0.269289806054512;4664.2596;0.254541954262542;4819.1913
TCGA.AN.A03Y.01;0.148288635279585;4166.106;0.23306251633733;4775.4546
TCGA.AN.A041.01;0.209944467297408;4818.45;0.288815375811568;4147.5735
TCGA.AN.A046.01;0.209733223873495;5030.4618;0.252446537192593;4215.0318
TCGA.AN.A049.01;0.206675321494326;4833.276;0.290079266957265;3439.632
TCGA.AN.A04A.01;0.238254601942385;4622.7468;0.28603997258861;4059.3588
TCGA.AN.A04C.01;0.135251019300793;4081.5978;0.327570347658375;3280.9938
TCGA.AN.A04D.01;0.0944789875785351;4000.0548;0.216599786643306;5578.2825
TCGA.AN.A0AJ.01;0.192620748616224;4634.6076;0.256466756625008;4313.6247
TCGA.AN.A0AK.01;0.113845702646608;3212.7942;0.303088373473122;2963.7174
TCGA.AN.A0AL.01;0.247263064570757;4382.5656;0.285827322373487;3873.2925
TCGA.AN.A0AM.01;0.18184293919588;5160.9306;0.264311500773595;4337.3463
TCGA.AN.A0AR.01;0.11103771793817;4951.884;0.195152493518054;6265.4676
TCGA.AN.A0AS.01;0.231764360158025;5613.1236;0.276898839254806;3646.4547
TCGA.AN.A0AT.01;0.153004842484481;4240.236;0.200807858873731;5940.0369
TCGA.AN.A0FD.01;0.215582410718157;4942.9884;0.270212720863035;4083.0804
TCGA.AN.A0FF.01;0.188710547873444;4521.93;0.292001596642811;3727.2564
TCGA.AN.A0FJ.01;0.197977717774098;5498.9634;0.198574678375381;5638.3278
TCGA.AN.A0FK.01;0.141032526213522;4268.4054;0.306327933477926;3091.9623
TCGA.AN.A0FL.01;0.119047095857051;4819.9326;0.267958699230644;3654.609
TCGA.AN.A0FN.01;0.336495392490868;2993.3694;0.206549414682049;5041.5813
TCGA.AN.A0FS.01;0.25488511404801;4720.5984;0.26688485096823;4037.8611
TCGA.AN.A0FT.01;0.202302787710028;5223.1998;0.302298883056511;3564.1704
TCGA.AN.A0FV.01;0.197722819329154;4950.4014;0.291359053883163;3838.4514
TCGA.AN.A0FW.01;0.195057226165823;4376.6352;0.294042261580959;4122.3693
TCGA.AN.A0FX.01;0.221782595651374;4908.8886;0.201976022098667;6820.7013
TCGA.AN.A0FY.01;0.190483410506035;5653.1538;0.263483154005383;4238.7534
TCGA.AN.A0FZ.01;0.159311967569886;4213.5492;0.299325312440391;3581.9616
TCGA.AN.A0G0.01;0.164518634541259;4711.7028;0.252445124234353;4562.7015
TCGA.AN.A0XL.01;0.2673455461917;4536.756;0.263040544836697;4416.6654
TCGA.AN.A0XN.01;0.298738487086903;3805.8342;0.221464248624132;4961.5209
TCGA.AN.A0XO.01;0.181563429866597;5540.4762;0.305976813355281;3187.59
TCGA.AN.A0XP.01;0.169866228124147;4862.928;0.314574311006238;3099.3753
TCGA.AN.A0XR.01;0.109822995003991;4570.8558;0.290889598507916;3022.2801
TCGA.AN.A0XS.01;0.23999699395627;4940.0232;0.247908821804772;4796.211
TCGA.AN.A0XT.01;0.17761426189028;5672.4276;0.297707475255569;3255.0483
TCGA.AN.A0XU.01;0.18131614907633;5381.838;0.213293111122101;6103.8642
TCGA.AN.A0XV.01;0.250239223655513;4917.7842;0.301799402318664;3385.5171
TCGA.AN.A0XW.01;0.27861059252462;3992.6418;0.271633097133814;3927.4074
TCGA.AO.A03L.01;0.216704842836065;4599.0252;0.317703660268321;2785.8054
TCGA.AO.A03M.01;0.204413464028849;4215.0318;0.251653514380382;4406.2872
TCGA.AO.A03N.01;0.202134906320427;5602.7454;0.300836118038531;3975.5919
TCGA.AO.A03O.01;0.153217843828704;4001.5374;0.250276586575484;5159.448
TCGA.AO.A03P.01;0.141935218292684;3817.695;0.238776166220407;4569.3732
TCGA.AO.A03R.01;0.186427595364247;5014.1532;0.270911075473164;4019.3286
TCGA.AO.A03T.01;0.162767745912542;5023.0488;0.285339498541121;3646.4547
TCGA.AO.A03U.01;0.248210290631105;4837.7238;0.263671077451306;4046.0154
TCGA.AO.A03V.01;0.163966354577214;4680.5682;0.294326619426763;3186.1074
TCGA.AO.A0J2.01;0.144402752434427;4481.8998;0.303716433410811;3642.7482
TCGA.AO.A0J3.01;0.0668696771637948;3160.9032;0.235690618663765;5154.2589
TCGA.AO.A0J4.01;0.214527072558747;5356.6338;0.223904427504645;5840.7027
TCGA.AO.A0J5.01;0.266202019030073;4738.3896;0.284437677944428;3475.9557
TCGA.AO.A0J6.01;0.130681305455061;4653.8814;0.23826538181664;4986.7251
TCGA.AO.A0J7.01;0.112540446816465;4054.911;0.28012921503105;4341.7941
TCGA.AO.A0J8.01;0.183999028456042;5058.6312;0.275052102835101;3941.4921
TCGA.AO.A0J9.01;0.271943386762391;4265.4402;0.235016284343716;4665.7422
TCGA.AO.A0JA.01;0.244533893289549;4699.842;0.304476958183501;3135.699
TCGA.AO.A0JB.01;0.181329333478655;5060.1138;0.280354581870333;3564.9117
TCGA.AO.A0JC.01;0.245434827448402;5165.3784;0.140014624117784;5103.8505
TCGA.AO.A0JD.01;0.11765042817079;4051.9458;0.28748896126375;4015.6221
TCGA.AO.A0JE.01;0.255417763901927;4539.7212;0.275769532381471;4079.3739
TCGA.AO.A0JF.01;0.293364231712648;4154.2452;0.276883296714166;3676.848
TCGA.AO.A0JG.01;0.232849582962705;4406.2872;0.279023221968675;3760.6149
TCGA.AO.A0JI.01;0.116957514581949;3900.7206;0.264489180272277;4196.4993
TCGA.AO.A0JJ.01;0.275311562076268;4185.3798;0.283275873031573;4226.1513
TCGA.AO.A0JL.01;0.184969400467138;5426.316;0.20589592149604;6004.53
TCGA.AO.A0JM.01;0.218141063729299;5518.2372;0.294366888736603;3256.5309
TCGA.AO.A124.01;0.127374071378596;5257.2996;0.235444057450882;5307.708
TCGA.AO.A125.01;0.0225580728974394;3555.2748;0.294908758221651;3078.6189
TCGA.AO.A126.01;0.235455992808934;4692.429;0.253197171257603;3770.2518
TCGA.AO.A128.01;0.204859975787578;5776.2096;0.178483118681427;6619.0677
TCGA.AO.A129.01;0.204953731537442;4556.0298;0.219766579298749;5240.991
TCGA.AO.A12A.01;0.224949196103042;5214.3042;0.281165619900104;3365.502
TCGA.AO.A12B.01;0.0960625807910875;4023.7764;0.283761930666139;3720.5847
TCGA.AO.A12C.01;0.241496792967381;5109.0396;0.275419118737946;4211.3253
TCGA.AO.A12D.01;0.247186888023992;4456.6956;0.314568659173278;3241.7049
TCGA.AO.A12E.01;0.207412476077634;4788.798;0.301169576183176;3716.1369
TCGA.AO.A12F.01;0.229886022306837;4960.7796;0.165059662161685;6948.2049
TCGA.AO.A12G.01;0.217803543029787;4554.5472;0.262921503104976;4305.4704
TCGA.AO.A12H.01;0.119092215811673;4228.3752;0.264917659858563;3788.043
TCGA.AO.A1KO.01;0.23607624569163;5177.2392;0.254526411721901;4213.5492
TCGA.AO.A1KP.01;0.12555140100389;4849.5846;0.276248878464397;4217.2557
TCGA.AO.A1KQ.01;0.164373313128969;5147.5872;0.277676319526376;3767.2866
TCGA.AO.A1KR.01;0.0997249147701637;4822.8978;0.209934156146015;5472.2766
TCGA.AO.A1KS.01;0.18624330671842;4047.498;0.247341519071404;4769.5242
TCGA.AO.A1KT.01;0.214685871360079;5457.4506;0.283997541452662;3913.3227
TCGA.AQ.A04H.01;0.151878308552517;3639.783;0.274918931520979;4302.5052
TCGA.AQ.A04J.01;0.263050653887758;4247.649;0.205665256063357;6344.7867
TCGA.AQ.A04L.01;0.188220967067121;5224.6824;0.285342324457601;3315.0936
TCGA.AQ.A0Y5.01;0.263463472173879;4093.4586;0.29483245847669;3454.458
TCGA.AQ.A1H2.01;0.12271411762362;4075.6674;0.281334115170226;3785.0778
TCGA.AQ.A1H3.01;0.242597251081414;5054.1834;0.28752781761535;3413.6865
TCGA.AQ.A54N.01;0.0627678631072296;5002.2924;0.200188983164603;6055.6797
TCGA.AQ.A54O.01;0.119938654440917;4453.7304;0.262736052335973;4184.6385
TCGA.AQ.A7U7.01;0.280231688037118;4367.7396;0.221771567041336;5487.8439
TCGA.AR.A0TP.01;0.167588842362598;6090.5208;0.201322882152218;6085.3317
TCGA.AR.A0TQ.01;0.190286816418038;4317.3312;0.293319886680749;3922.9596
TCGA.AR.A0TR.01;0.0408193490772676;2768.0142;0.289577313542498;3563.4291
TCGA.AR.A0TS.01;0.25483618526605;4606.4382;0.197682042007248;7186.9035
TCGA.AR.A0TT.01;0.245205418847953;4591.6122;0.22864737507683;5002.2924
TCGA.AR.A0TU.01;0.127079619726679;4169.0712;0.166377245720503;6515.2857
TCGA.AR.A0TV.01;0.129205824341571;4430.0088;0.236452909634256;4171.2951
TCGA.AR.A0TW.01;0.159481899866515;3997.0896;0.277776286321858;3352.8999
TCGA.AR.A0TX.01;0.236779706802331;4692.429;0.271192254162928;4109.0259
TCGA.AR.A0TY.01;0.128305769142873;3653.1264;0.308891039725321;2792.4771
TCGA.AR.A0TZ.01;0.164769724158864;4507.104;0.280496937413015;3495.9708
TCGA.AR.A0U0.01;0.15886838567834;4682.0508;0.23605798780617;5149.8111
TCGA.AR.A0U2.01;0.140974807830011;3874.0338;0.294318494916883;3667.9524
TCGA.AR.A0U3.01;0.1186673850701;3386.2584;0.313682381117226;3332.1435
TCGA.AR.A0U4.01;0.232328066604085;4659.8118;0.17722381965001;6473.7729
TCGA.AR.A1AH.01;0.147651682153945;4665.7422;0.168574749023293;7023.8175
TCGA.AR.A1AI.01;0.168206751351548;4836.2412;0.207042183868256;6285.4827
TCGA.AR.A1AJ.01;0.276277539286589;3970.4028;0.182272319441599;6433.0014
TCGA.AR.A1AK.01;0.246024609712392;4409.2524;0.2617978480646;4805.1066
TCGA.AR.A1AL.01;0.277005025308193;4473.0042;0.263155700933259;4502.6562
TCGA.AR.A1AM.01;0.213430130285334;5202.4434;0.304242053876098;3364.0194
TCGA.AR.A1AN.01;0.252834792993164;4527.8604;0.274191611266929;3893.3076
TCGA.AR.A1AO.01;0.300516037506988;3398.1192;0.227821854225098;5001.5511
TCGA.AR.A1AP.01;0.20602869980698;4735.4244;0.29487555370301;3446.3037
TCGA.AR.A1AQ.01;0.211221596402592;4993.3968;0.192857142857143;5765.0901
TCGA.AR.A1AR.01;0.260150964336485;4191.3102;0.160820787441627;6750.2778
TCGA.AR.A1AS.01;0.139374807361233;4569.3732;0.295666103838301;3149.0424
TCGA.AR.A1AT.01;0.202884073359186;4782.8676;0.300466982698326;3337.3326
TCGA.AR.A1AU.01;0.228451559333912;5095.6962;0.277653005715416;3972.6267
TCGA.AR.A1AV.01;0.169281719621086;4038.6024;0.316381484595223;2913.309
TCGA.AR.A1AW.01;0.254564000604725;4676.1204;0.176166220407356;7162.4406
TCGA.AR.A1AX.01;0.251480608381061;4590.1296;0.272983531971713;3859.9491
TCGA.AR.A1AY.01;0.20685140651204;5495.9982;0.201631260288102;6605.7243
TCGA.AR.A24H.01;0.131156822898904;4019.3286;0.266395967417183;4126.0758
TCGA.AR.A24K.01;0.129657902847948;3974.8506;0.266324259786502;3767.2866
TCGA.AR.A24L.01;0.236686537025904;4934.0928;0.268062904900846;4312.1421
TCGA.AR.A24M.01;0.229478477781645;5180.2044;0.304645100214063;3722.0673
TCGA.AR.A24N.01;0.194325638330163;4722.081;0.284737225091312;3615.3201
TCGA.AR.A24O.01;0.309003276763458;3438.1494;0.265234162504327;4066.0305
TCGA.AR.A24P.01;0.235039365695474;5286.9516;0.293077211103026;3542.6727
TCGA.AR.A24Q.01;0.281695156695157;4317.3312;0.181184341596784;6155.0139
TCGA.AR.A24R.01;0.174496297233854;4118.6628;0.278007658233661;3717.6195
TCGA.AR.A24S.01;0.272173967309714;4259.5098;0.248116879905614;4895.5452
TCGA.AR.A24T.01;0.279151738993368;4332.1572;0.260053904356857;4883.6844
TCGA.AR.A24U.01;0.264014873177769;4097.9064;0.291962740291211;3778.4061
TCGA.AR.A24V.01;0.275658458350766;4462.626;0.236099316834691;4923.7146
TCGA.AR.A24W.01;0.257175391225165;4834.7586;0.28384070308802;4043.0502
TCGA.AR.A24X.01;0.213223574648914;5135.7264;0.281839247741033;3590.1159
TCGA.AR.A24Z.01;0.129673431144019;3696.1218;0.282957604188008;3864.3969
TCGA.AR.A250.01;0.252060722083347;4702.8072;0.298202717118696;3567.1356
TCGA.AR.A251.01;0.214019326575888;4553.0646;0.205537736582195;5370.7185
TCGA.AR.A252.01;0.285997666653775;3715.3956;0.256905480158534;4546.3929
TCGA.AR.A254.01;0.250597253425308;4209.1014;0.285515765081563;3462.6123
TCGA.AR.A255.01;0.253014979824935;4523.4126;0.278595448861509;3682.0371
TCGA.AR.A256.01;0.168342990175569;4818.45;0.226855037549365;5016.3771
TCGA.AR.A2LE.01;0.163948189400678;4175.0016;0.314398044465796;2670.9039
TCGA.AR.A2LH.01;0.246400218685286;4834.7586;0.329059605643355;2865.1245
TCGA.AR.A2LJ.01;0.233038852382744;4579.7514;0.244168368103881;4988.2077
TCGA.AR.A2LK.01;0.183804778261792;4658.3292;0.255706231852318;4360.3266
TCGA.AR.A2LL.01;0.158554596903013;4560.4776;0.270504496739599;3905.9097
TCGA.AR.A2LM.01;0.264952430676412;4856.9976;0.267737924505641;3805.8342
TCGA.AR.A2LN.01;0.298724130737705;3862.173;0.269565585989106;4234.3056
TCGA.AR.A2LO.01;0.242258851421747;4865.8932;0.259943340374575;4640.538
TCGA.AR.A2LQ.01;0.326088211269207;3190.5552;0.272342755409864;4216.5144
TCGA.AR.A2LR.01;0.261247613623179;4846.6194;0.120913548150084;6829.5969
TCGA.AR.A5QM.01;0.22713048222098;4956.3318;0.289853193638862;3844.3818
TCGA.AR.A5QN.01;0.221329052211405;5487.1026;0.314266992589034;3235.0332
TCGA.AR.A5QP.01;0.22845888400187;5224.6824;0.28453057994871;3677.5893
TCGA.AR.A5QQ.01;0.227655807406939;4867.3758;0.19630264152543;4942.9884
TCGA.B6.A0I1.01;0.0601731727297338;4604.9556;0.250071001151561;5072.7159
TCGA.B6.A0I2.01;0.141805425176466;5820.6876;0.205827393021399;5974.1367
TCGA.B6.A0I5.01;0.176350317187421;5132.7612;0.303849957964492;3203.1573
TCGA.B6.A0I6.01;0.210979882359973;5538.9936;0.195964944506065;6540.4899
TCGA.B6.A0I8.01;0.160016307640742;4409.2524;0.340556846842392;2236.5021
TCGA.B6.A0I9.01;0.130609230722353;3685.7436;0.287961242555476;3467.8014
TCGA.B6.A0IA.01;0.0740446289088823;3808.7994;0.291484100687404;3166.0923
TCGA.B6.A0IB.01;0.0951147687573026;4404.8046;0.291595724388366;3210.5703
TCGA.B6.A0IC.01;0.000257095845331179;2902.9308;0.273757479847683;3468.5427
TCGA.B6.A0IE.01;0.16065208881951;4824.3804;0.290244936310907;3308.4219
TCGA.B6.A0IG.01;0.14911573678542;4957.8144;0.328521975033028;2667.1974
TCGA.B6.A0IH.01;0.275959941683924;4425.561;0.264993253124404;4059.3588
TCGA.B6.A0IJ.01;0.175205032105485;5088.2832;0.205457197962514;6064.5753
TCGA.B6.A0IK.01;0.172525375579674;3805.8342;0.338591068690965;2692.4016
TCGA.B6.A0IM.01;0.184054402945806;4621.2642;0.262008732081923;4082.3391
TCGA.B6.A0IN.01;0.237873426221843;4274.3358;0.279261658671678;4097.9064
TCGA.B6.A0IO.01;0.111013400040549;4106.802;0.301016270214134;3470.7666
TCGA.B6.A0IP.01;0.165575144647543;4895.5452;0.276252410859997;3911.8401
TCGA.B6.A0IQ.01;0.143683763027654;4854.0324;0.167006012137311;6235.0743
TCGA.B6.A0RE.01;0.169745517596196;5407.0422;0.234773255526433;5897.0415
TCGA.B6.A0RG.01;0.150104273973052;4937.058;0.307554027990703;3366.2433
TCGA.B6.A0RH.01;0.195175299813309;5521.2024;0.27207959193766;4041.5676
TCGA.B6.A0RI.01;0.191015181399797;5759.901;0.293871646873477;3506.349
TCGA.B6.A0RL.01;-0.0414650918044583;2886.6222;0.276674885373763;4203.171
TCGA.B6.A0RM.01;0.120037097978274;4215.0318;0.261224893498273;4384.0482
TCGA.B6.A0RN.01;0.213138315513881;5776.2096;0.267560598246519;3749.4954
TCGA.B6.A0RO.01;0.126450577242432;3866.6208;0.321988809370739;3146.8185
TCGA.B6.A0RP.01;0.216893819269385;5138.6916;0.281835008866313;3761.3562
TCGA.B6.A0RQ.01;0.172002101300744;5857.7526;0.279805647594085;3979.2984
TCGA.B6.A0RS.01;0.199849023944047;4778.4198;0.292164793319533;3736.8933
TCGA.B6.A0RT.01;0.249948287844215;4895.5452;0.156233971754965;6027.5103
TCGA.B6.A0RU.01;0.23312879930527;5157.9654;0.199354278084311;5743.5924
TCGA.B6.A0RV.01;0.189259897970305;4521.93;0.298186468098935;3333.6261
TCGA.B6.A0WS.01;0.222279794112373;4969.6752;0.287374158406748;3927.4074
TCGA.B6.A0WT.01;0.196787312737539;5140.1742;0.288818908207168;3705.0174
TCGA.B6.A0WV.01;0.101593291072929;4097.9064;0.289750400926901;3403.3083
TCGA.B6.A0WW.01;0.17774200409947;4477.452;0.3000052985934;3515.2446
TCGA.B6.A0WX.01;0.257552172144932;5260.2648;0.237435975329749;5498.9634
TCGA.B6.A0WY.01;0.218085396252817;5249.8866;0.290188771220867;3845.8644
TCGA.B6.A0WZ.01;0.136743786630664;5166.861;0.302704048831837;3054.156
TCGA.B6.A0X0.01;0.0962219655658569;3810.282;0.307478434724862;3017.8323
TCGA.B6.A0X1.01;0.125378831826796;4249.1316;0.206303559948286;5295.8472
TCGA.B6.A0X4.01;0.0345198416465385;3248.3766;0.286824517651381;3508.5729
TCGA.B6.A0X5.01;0.0985456432289011;3712.4304;0.312369036433128;3111.9774
TCGA.B6.A0X7.01;0.216749083830532;5663.532;0.262268363158527;4287.6792
TCGA.B6.A1KC.01;0.131040214185011;4295.0922;0.217500547521318;5907.4197
TCGA.B6.A1KF.01;0.148357194171674;5023.0488;0.229126367920196;5527.1328
TCGA.B6.A1KI.01;0.199934283079079;5266.1952;0.315532649932531;3126.0621
TCGA.B6.A1KN.01;0.184105382634794;4290.6444;0.328566129978029;2811.0096
TCGA.B6.A2IU.01;0.133289180234882;4518.9648;0.293929578161317;3272.0982
TCGA.B6.A3ZX.01;0.213202479605194;5521.2024;0.164548877757918;6148.3422
TCGA.B6.A400.01;0.208332747359897;5200.9608;0.18600818102821;6640.5654
TCGA.B6.A401.01;0.189496045265276;5773.2444;0.284867570488954;3660.5394
TCGA.B6.A402.01;0.121464529269959;4650.9162;0.24117430959328;5026.014
TCGA.B6.A408.01;0.190554899265307;5774.727;0.250830112966011;4413.7002
TCGA.B6.A409.01;0.15860059581779;4664.2596;0.256517269882089;4493.7606
TCGA.B6.A40B.01;0.182497178537902;5838.4788;0.301930100955866;3086.7732
TCGA.B6.A40C.01;0.203757759753235;5306.2254;0.255539856019555;4445.5761
TCGA.BH.A0AU.01;0.216142601323597;4720.5984;0.260750846008746;4411.4763
TCGA.BH.A0AV.01;0.273173052019206;4725.0462;0.194051445809519;6146.8596
TCGA.BH.A0AW.01;0.246465847710192;4407.7698;0.285742191639526;4336.605
TCGA.BH.A0AY.01;0.270398467796658;4263.9576;0.268598416073813;4137.9366
TCGA.BH.A0AZ.01;0.293125447537212;3925.9248;0.260653351890185;4561.2189
TCGA.BH.A0B0.01;0.263116575899381;4726.5288;0.294777353105329;3616.8027
TCGA.BH.A0B1.01;0.229519202935493;4931.1276;0.304002910693974;3385.5171
TCGA.BH.A0B2.01;0.277030808139405;4151.28;0.268255420461048;4193.5341
TCGA.BH.A0B3.01;0.216456683085642;5361.0816;0.231188580471504;5241.7323
TCGA.BH.A0B4.01;0.241852185856711;4652.3988;0.28014970292553;3811.0233
TCGA.BH.A0B5.01;0.213884845672176;5157.9654;0.280302302415452;3862.9143
TCGA.BH.A0B6.01;0.243987180073153;4521.93;0.276310342147838;4027.4829
TCGA.BH.A0B7.01;0.268467685322889;4210.584;0.287735169237073;3719.8434
TCGA.BH.A0B8.01;0.168811475938173;4474.4868;0.280709234388578;4202.4297
TCGA.BH.A0B9.01;0.151974994169564;5386.2858;0.19414152189732;5841.444
TCGA.BH.A0BA.01;0.225023321742779;4569.3732;0.317229966018354;3083.808
TCGA.BH.A0BC.01;0.233809993425378;4192.7928;0.266784530933188;3784.3365
TCGA.BH.A0BD.01;0.218134618021496;4513.0344;0.261940203607282;4255.062
TCGA.BH.A0BF.01;0.281999276908779;4207.6188;0.241044670674758;4616.8164
TCGA.BH.A0BG.01;0.209630385535363;4985.9838;0.216446480674264;5255.817
TCGA.BH.A0BJ.01;0.230593292244876;4856.9976;0.273811525500364;3848.0883
TCGA.BH.A0BL.01;0.298617190585516;3696.1218;0.18232565861516;6287.7066
TCGA.BH.A0BM.01;0.235609810836055;4922.232;0.305313076222032;3192.7791
TCGA.BH.A0BO.01;0.289132038566428;3906.651;0.268830141225176;4070.4783
TCGA.BH.A0BP.01;0.25436183976908;4969.6752;0.273312751241637;4048.2393
TCGA.BH.A0BQ.01;0.252936459384423;5002.2924;0.279571449765802;3259.4961
TCGA.BH.A0BR.01;0.261646075560103;4687.9812;0.300360304351205;3811.0233
TCGA.BH.A0BS.01;0.128891742579525;3359.5716;0.304637328943743;3257.2722
TCGA.BH.A0BT.01;0.17416082744137;4489.3128;0.267572255151999;4424.0784
TCGA.BH.A0BV.01;0.209453714544212;4415.1828;0.281744932778512;3333.6261
TCGA.BH.A0BW.01;0.204194016976822;5260.2648;0.240657520116993;4547.8755
TCGA.BH.A0BZ.01;0.24512543347385;4498.2084;0.282631917313684;3820.6602
TCGA.BH.A0C0.01;0.16911120135102;5000.8098;0.275886454675832;4201.6884
TCGA.BH.A0C1.01;0.230246981943815;4733.9418;0.296520590333953;3283.959
TCGA.BH.A0C3.01;0.291415577049061;3884.412;0.242718672949621;4636.8315
TCGA.BH.A0C7.01;0.180225066537284;4449.2826;0.309365440454407;3411.4626
TCGA.BH.A0DD.01;0.146274644577812;4266.9228;0.267145895003073;3925.9248
TCGA.BH.A0DE.01;0.252137484603548;4281.7488;0.277608497530855;4385.5308
TCGA.BH.A0DG.01;0.263638971218157;4725.0462;0.304741887853504;3413.6865
TCGA.BH.A0DH.01;0.152141703612292;4188.345;0.299011988950667;3540.4488
TCGA.BH.A0DI.01;0.302644293028908;4321.779;0.250322507718284;5084.5767
TCGA.BH.A0DK.01;0.271772575505607;3753.9432;0.289276353437374;4236.5295
TCGA.BH.A0DL.01;0.156551739696536;5027.4966;0.25957950362777;4672.4139
TCGA.BH.A0DO.01;0.192235178094907;5309.1906;0.311894282464482;3048.9669
TCGA.BH.A0DP.01;0.243194065026644;5117.9352;0.273817883812444;3811.7646
TCGA.BH.A0DQ.01;0.26458883415897;4837.7238;0.270754590348082;4616.0751
TCGA.BH.A0DS.01;0.225554213676386;4564.9254;0.290876528644196;3156.4554
TCGA.BH.A0DT.01;0.227404131815896;5110.5222;0.28821840095516;3642.0069
TCGA.BH.A0DV.01;0.322415622754989;3195.003;0.266340155566702;4203.9123
TCGA.BH.A0DX.01;0.263226445918754;4532.3082;0.280446070916374;3398.8605
TCGA.BH.A0DZ.01;0.255379968615263;4572.3384;0.297377549506524;3483.3687
TCGA.BH.A0E0.01;0.102920813893665;4132.0062;0.235550029318883;4676.8617
TCGA.BH.A0E1.01;0.174336326485648;4802.1414;0.302894444954679;3262.4613
TCGA.BH.A0E2.01;0.221112535026562;4765.0764;0.286276643093813;3564.9117
TCGA.BH.A0E6.01;0.182192472350843;5475.2418;0.21396850516083;5670.945
TCGA.BH.A0E7.01;0.14393133680464;3957.0594;0.292743752958381;3673.8828
TCGA.BH.A0E9.01;0.229571940544791;5080.8702;0.295096681667573;3564.1704
TCGA.BH.A0EA.01;0.248124152535917;5067.5268;0.269448310455184;4024.5177
TCGA.BH.A0EB.01;0.23972393033479;4355.8788;0.288824560040128;3706.5
TCGA.BH.A0EE.01;0.0629392603374505;4169.0712;0.348371565628378;2717.6058
TCGA.BH.A0EI.01;0.232016328735786;5614.6062;0.256382332370167;4234.3056
TCGA.BH.A0GY.01;0.203925641142836;4911.8538;0.299315068493151;3461.871
TCGA.BH.A0GZ.01;0.210345859101515;5026.014;0.297950857312412;3741.3411
TCGA.BH.A0H0.01;0.101701110185273;3454.458;0.279218916684917;3188.3313
TCGA.BH.A0H3.01;0.275428170790162;4722.081;0.259844080058214;4259.5098
TCGA.BH.A0H5.01;0.253664238392745;4811.037;0.242413120730217;4592.3535
TCGA.BH.A0H6.01;0.208349447602841;5418.903;0.28746352801543;3638.3004
TCGA.BH.A0H7.01;0.224910814842942;5381.838;0.283427766042375;3952.6116
TCGA.BH.A0H9.01;0.160785397776348;4201.6884;0.299348273011791;3400.3431
TCGA.BH.A0HA.01;0.25399414143758;4487.8302;0.259105102898684;4570.8558
TCGA.BH.A0HB.01;0.181275130935764;4609.4034;0.296766445067716;3753.9432
TCGA.BH.A0HF.01;0.245958394714051;4508.5866;0.306486891279928;3241.7049
TCGA.BH.A0HI.01;0.197683852095617;4699.842;0.302326788981752;3057.8625
TCGA.BH.A0HK.01;0.233611055443635;4382.5656;0.329042650144475;3301.7502
TCGA.BH.A0HL.01;0.066704432654659;3460.3884;0.241451249408324;5182.4283
TCGA.BH.A0HN.01;0.0554522777373456;3998.5722;0.280423816824094;3227.6202
TCGA.BH.A0HO.01;0.170839822989144;4241.7186;0.283772527852939;3374.3976
TCGA.BH.A0HP.01;0.232686975334034;4843.6542;0.286926250644662;3656.0916
TCGA.BH.A0HQ.01;0.205354537368112;5282.5038;0.307655407744424;3235.7745
TCGA.BH.A0HU.01;0.127202381161657;3878.4816;0.298323171808657;3902.2032
TCGA.BH.A0HW.01;0.0516252852225703;3340.2978;0.263194204045299;4435.1979
TCGA.BH.A0HX.01;0.214492207139266;4898.5104;0.298340833786657;3767.2866
TCGA.BH.A0HY.01;0.18516335767467;5289.9168;0.29630723363971;3159.4206
TCGA.BH.A0RX.01;0.264590885065998;4742.8374;0.203191872664203;6204.681
TCGA.BH.A0W3.01;0.0854438631587953;3601.2354;0.296073035811427;3347.7108
TCGA.BH.A0W4.01;0.210541867216075;5584.9542;0.281266293174705;3586.4094
TCGA.BH.A0W5.01;0.255037174154821;5033.427;0.274208213526249;4005.9852
TCGA.BH.A0W7.01;0.244356929311681;5135.7264;0.27575398984083;4229.8578
TCGA.BH.A0WA.01;0.215213247453066;5138.6916;0.217807865938522;6241.0047
TCGA.BH.A18F.01;0.253830654848754;4917.7842;0.270918493503924;3894.7902
TCGA.BH.A18G.01;0.173304134276985;5226.165;0.247429475721845;4091.976
TCGA.BH.A18H.01;0.20118211351243;5134.2438;0.292018552141691;3760.6149
TCGA.BH.A18I.01;0.270002056766763;4674.6378;0.25442255929126;4599.0252
TCGA.BH.A18J.01;0.204597166701239;5316.6036;0.287014207295103;3432.9603
TCGA.BH.A18K.01;0.21643265817474;5753.9706;0.298434795509619;3475.2144
TCGA.BH.A18L.01;0.090739305105821;3116.4252;0.285094703526037;3919.9944
TCGA.BH.A18M.01;0.257564477587102;4576.7862;0.26322740856394;4005.2439
TCGA.BH.A18N.01;0.129867388351551;4197.2406;0.247655549040248;4153.5039
TCGA.BH.A18P.01;0.182436237300491;4625.712;0.312183585664126;2910.3438
TCGA.BH.A18Q.01;0.189188116224315;4711.7028;0.236981709255583;5712.4578
TCGA.BH.A18R.01;0.163984226767032;3960.0246;0.290657873356553;2867.3484
TCGA.BH.A18S.01;0.103898217586;3716.8782;0.304068966491695;3697.6044
TCGA.BH.A18T.01;0.148386199856788;4173.519;0.203829116830452;6526.4052
TCGA.BH.A18U.01;0.19002049149108;5027.4966;0.257961666442948;4574.5623
TCGA.BH.A18V.01;0.219367213145494;4953.3666;0.220457162638558;5561.9739
TCGA.BH.A18V.06;0.18927132445232;5205.4086;0.194563996411086;5948.1912
TCGA.BH.A1EN.01;0.164316473705614;3801.3864;0.342188107130494;2864.3832
TCGA.BH.A1EO.01;0.296813564347501;4028.2242;0.241710880484927;4468.5564
TCGA.BH.A1ES.01;0.187182329150655;5472.2766;0.277781938154818;4009.6917
TCGA.BH.A1ES.06;0.108391754884968;4636.0902;0.295541763513179;3541.1901
TCGA.BH.A1ET.01;0.213053056378848;4355.8788;0.296713812373275;3455.9406
TCGA.BH.A1EU.01;0.302197488283461;3469.284;0.234861565416434;5426.316
TCGA.BH.A1EV.01;0.191651255565283;5076.4224;0.298362381399818;3527.8467
TCGA.BH.A1EW.01;0.230777873877421;4295.0922;0.276727518068204;4457.4369
TCGA.BH.A1EX.01;0.236760076692203;4894.0626;0.316941722537391;3054.8973
TCGA.BH.A1EY.01;0.243506974841816;4695.3942;0.294583777826446;3481.8861
TCGA.BH.A1F0.01;0.298026529361371;3547.8618;0.200575780482808;6412.245
TCGA.BH.A1F2.01;0.269138038934419;4468.5564;0.303740100461331;3320.2827
TCGA.BH.A1F5.01;0.168018067904946;4366.257;0.298366620274538;3429.2538
TCGA.BH.A1F6.01;0.201792111859985;4615.3338;0.231477177192028;5277.3147
TCGA.BH.A1F8.01;0.174930796537131;3876.999;0.296134499494867;3791.7495
TCGA.BH.A1FB.01;0.298164526105703;3879.9642;0.253388980338686;4634.6076
TCGA.BH.A1FC.01;0.174643083579735;4685.016;0.168501981673932;7239.5358
TCGA.BH.A1FD.01;0.191218221195597;5017.1184;0.274072569535207;3349.9347
TCGA.BH.A1FE.01;0.286438025691419;3881.4468;0.25661405752153;4365.5157
TCGA.BH.A1FE.06;0.31086872319904;3719.8434;-0.00948730810260906;5064.5616
TCGA.BH.A1FG.01;0.131637321116959;3813.2472;0.280294884384692;3367.7259
TCGA.BH.A1FH.01;0.326635217472321;3412.9452;0.268446169823451;3944.4573
TCGA.BH.A1FJ.01;0.115474122827064;3730.2216;0.314351063604315;2873.2788
TCGA.BH.A1FL.01;0.163818103297741;4252.0968;0.278322041442065;3422.5821
TCGA.BH.A1FM.01;0.234929202689384;4375.1526;0.268969317611818;4043.7915
TCGA.BH.A1FN.01;0.211263493503313;5518.2372;0.253081661921482;4966.71
TCGA.BH.A1FR.01;0.150624911371518;4179.4494;0.261990716864363;4052.6871
TCGA.BH.A1FU.01;0.282728813837411;4345.5006;0.273200421061556;3922.2183
TCGA.BH.A201.01;0.243959932308349;5426.316;0.289315916268095;3567.1356
TCGA.BH.A202.01;0.200841955932454;4579.7514;0.272269281581383;3961.5072
TCGA.BH.A203.01;0.19181444916739;4106.802;0.267379386352236;4219.4796
TCGA.BH.A204.01;0.158985873352389;4083.0804;0.257075741626456;4409.2524
TCGA.BH.A208.01;0.332484697303702;3017.091;0.261835644697521;4946.6949
TCGA.BH.A209.01;0.201680776907021;4928.1624;0.238103244858598;4782.8676
TCGA.BH.A28O.01;0.266712108906679;5079.3876;0.270870806163324;4118.6628
TCGA.BH.A28Q.01;0.206554610966376;4677.603;0.275328689410584;3968.9202
TCGA.BH.A2L8.01;0.238669178148816;4899.993;0.236539806566017;4700.5833
TCGA.BH.A42T.01;0.167468717808084;4670.19;0.25293330130628;4071.9609
TCGA.BH.A42U.01;0.235623874198535;5361.0816;0.255946081513561;4604.2143
TCGA.BH.A42V.01;0.239533488967878;4802.1414;0.26105180611387;4287.6792
TCGA.BH.A5IZ.01;0.150266295628287;4564.9254;0.261088896267671;4441.1283
TCGA.BH.A5J0.01;0.230166117609557;4441.8696;0.276102284046995;3895.5315
TCGA.BH.A6R8.01;0.118550776356206;4461.1434;0.265653811101613;4337.3463
TCGA.BH.A6R9.01;0.338604896862815;2905.896;0.0403388980338687;4767.3003
TCGA.BH.A8FY.01;0.0791953354170549;4139.4192;0.293110415621666;3461.871
TCGA.BH.A8FZ.01;0.255328695939556;4475.9694;0.271280210813369;4452.9891
TCGA.BH.A8G0.01;0.276351371939607;4180.932;0.261368661999195;3922.9596
TCGA.BH.AB28.01;0.20201009397842;4772.4894;0.297738560336849;3397.3779
TCGA.C8.A12K.01;0.219604825374056;4997.8446;0.18900047334101;6397.419
TCGA.C8.A12L.01;0.140234137406083;4726.5288;0.308244611330512;3294.3372
TCGA.C8.A12M.01;0.130102949673085;3656.0916;0.24266286109914;5490.0678
TCGA.C8.A12N.01;0.220158570271692;5482.6548;0.257406020615061;4223.9274
TCGA.C8.A12O.01;0.241111515432782;4862.928;0.287454697026429;3468.5427
TCGA.C8.A12P.01;0.214033096951649;4815.4848;0.297674270736928;4097.1651
TCGA.C8.A12Q.01;0.218708871989415;4351.431;0.299865415727638;3236.5158
TCGA.C8.A12T.01;0.22679618437537;5524.1676;0.266362762898543;3694.6392
TCGA.C8.A12U.01;0.0869580185191046;3851.7948;0.259335415091807;4450.7652
TCGA.C8.A12V.01;0.236211605555497;4668.7074;0.167515736822398;6057.9036
TCGA.C8.A12W.01;0.223880380554589;5009.7054;0.279281793326598;3934.8204
TCGA.C8.A12X.01;0.129225161464981;4326.2268;0.27281291726423;4283.9727
TCGA.C8.A12Y.01;0.167390490354291;5113.4874;0.279083979172996;3519.6924
TCGA.C8.A12Z.01;0.149702003208791;4535.2734;0.324516238422573;2871.7962
TCGA.C8.A130.01;0.187318567974677;4963.7448;0.254016333797255;4215.7731
TCGA.C8.A131.01;0.205883671381409;5513.7894;0.302750323214197;3518.9511
TCGA.C8.A132.01;0.256256584876494;4693.9116;0.287860922520435;3985.2288
TCGA.C8.A133.01;0.0262341772522767;3340.2978;0.279168050188277;3630.1461
TCGA.C8.A134.01;0.187020307495421;4696.8768;0.203001123301801;6268.4328
TCGA.C8.A135.01;0.227792339217678;4619.7816;0.273621129377521;4358.1027
TCGA.C8.A137.01;0.174622281522734;4919.2668;0.316732957957428;2771.7207
TCGA.C8.A138.01;0.235596333447012;4840.689;0.299151518576869;3987.4527
TCGA.C8.A1HE.01;0.14939583208814;3598.2702;0.314773184878521;2919.9807
TCGA.C8.A1HF.01;0.226275839963623;4960.7796;0.237459995619829;4583.4579
TCGA.C8.A1HG.01;0.187719373805347;4765.0764;0.203322924540965;5365.5294
TCGA.C8.A1HI.01;0.187142775943681;4892.58;0.308322677273273;3161.6445
TCGA.C8.A1HJ.01;0.186860922720651;4705.7724;0.187203190459706;6499.7184
TCGA.C8.A1HK.01;0.153330936701977;3409.98;0.325200463450303;2740.5861
TCGA.C8.A1HL.01;0.213598011674935;4477.452;0.316506884639024;3204.6399
TCGA.C8.A1HM.01;0.139935583940109;5195.0304;0.272872614749871;3550.0857
TCGA.C8.A1HN.01;0.139275191877002;4575.3036;0.279663292051404;4057.8762
TCGA.C8.A1HO.01;0.131724338172302;3595.305;0.272244554812182;4218.7383
TCGA.C8.A26V.01;0.154787959652213;4717.6332;0.299332023992031;3182.4009
TCGA.C8.A26W.01;0.204679788955807;4965.2274;0.284851674708754;3599.7528
TCGA.C8.A26X.01;0.249951217711399;4087.5282;0.250948094979053;4479.6759
TCGA.C8.A26Y.01;0.10295831619361;3653.1264;0.314295604993394;3521.175
TCGA.C8.A26Z.01;0.160806785806786;4536.756;0.308408514486354;3213.5355
TCGA.C8.A273.01;0.185173612209811;4760.6286;0.289176386641893;3166.8336
TCGA.C8.A274.01;0.108258445928129;4354.3962;0.323917497368365;3078.6189
TCGA.C8.A275.01;0.186632393080357;4569.3732;0.333418228574254;2858.4528
TCGA.C8.A278.01;0.237419003821719;4256.5446;0.262098101690605;4745.0613
TCGA.C8.A27A.01;0.110804207523665;4250.6142;0.271661003059055;3805.8342
TCGA.C8.A27B.01;0.163105559598772;5069.0094;0.232812422728846;5450.7789
TCGA.C8.A3M7.01;0.257333018079624;4544.169;0.297234840724282;4007.4678
TCGA.C8.A3M8.01;0.163433704723298;4905.9234;0.301018742891054;3103.8231
TCGA.C8.A8HP.01;0.182870150630332;4852.5498;0.298245105865896;3573.8073
TCGA.C8.A8HQ.01;0.223055622942501;5220.2346;0.302574763152875;3261.72
TCGA.C8.A8HR.01;0.295914388108958;4161.6582;0.25736928370082;4700.5833
TCGA.D8.A13Y.01;0.114063391778324;5014.1532;0.234849202031834;4972.6404
TCGA.D8.A13Z.01;0.213620278665528;4831.7934;0.322178499014462;3518.9511
TCGA.D8.A140.01;0.17022103504004;4013.3982;0.279887599172006;3849.5709
TCGA.D8.A141.01;0.28736562164164;4388.496;0.224404614721612;5017.1184
TCGA.D8.A142.01;0.248892363711368;4834.7586;0.23751015563735;4908.1473
TCGA.D8.A143.01;0.162762472151612;4649.4336;0.262697195984373;5125.3482
TCGA.D8.A145.01;0.254716353698254;4481.8998;0.289182744953973;3837.7101
TCGA.D8.A146.01;0.252713496491777;4818.45;0.295010491214932;3412.9452
TCGA.D8.A147.01;0.193507326425878;5776.2096;0.218115890834846;5879.9916
TCGA.D8.A1J8.01;0.221356006989491;4284.714;0.301096808833815;3468.5427
TCGA.D8.A1J9.01;0.214460564573687;4656.8466;0.330441832041654;2863.6419
TCGA.D8.A1JA.01;0.20818156621324;4349.9484;0.336289006478413;2358.8166
TCGA.D8.A1JB.01;0.237823911466445;4689.4638;0.293091693924986;3830.2971
TCGA.D8.A1JC.01;0.210209327290775;4972.6404;0.297992539580493;3524.8815
TCGA.D8.A1JD.01;0.233432040558737;5255.817;0.267356072541276;3896.2728
TCGA.D8.A1JE.01;0.240781319401229;5378.8728;0.266715649218987;4378.8591
TCGA.D8.A1JF.01;0.214224124291998;4751.733;0.298039167202413;3577.5138
TCGA.D8.A1JG.01;0.206106048300618;4553.0646;0.309723272128692;3512.2794
TCGA.D8.A1JH.01;0.265366127922689;4459.6608;0.281780963213632;3994.8657
TCGA.D8.A1JI.01;0.0997480607209114;3773.217;0.253770125823931;3905.1684
TCGA.D8.A1JJ.01;0.229609149858019;5183.1696;0.294626873052767;3365.502
TCGA.D8.A1JK.01;0.240014280172651;4837.7238;0.271622499947014;4136.454
TCGA.D8.A1JL.01;0.248189488574104;4643.5032;0.197636827343568;5484.1374
TCGA.D8.A1JM.01;0.0892397990814281;4025.259;0.24042579496563;5507.859
TCGA.D8.A1JN.01;0.0688256564953398;3458.9058;0.301104226864575;2869.5723
TCGA.D8.A1JP.01;0.2449311832796;4670.19;0.258513073396116;4410.735
TCGA.D8.A1JS.01;0.0605042477214423;3405.5322;0.295253873271775;3029.6931
TCGA.D8.A1JT.01;0.113155425938231;3694.6392;0.285464898584922;3447.045
TCGA.D8.A1JU.01;0.312428877474126;3663.5046;0.239332871766975;4771.7481
TCGA.D8.A1X5.01;0.201190024153825;4474.4868;0.297025016425639;3052.6734
TCGA.D8.A1X6.01;0.12600816729776;4182.4146;0.252871837622839;4193.5341
TCGA.D8.A1X7.01;0.182902379169347;4434.4566;0.285469137459642;3605.6832
TCGA.D8.A1X8.01;0.235179413346834;4375.1526;0.270158675210354;4357.3614
TCGA.D8.A1X9.01;0.218658771260581;4778.4198;0.286810388068981;4189.8276
TCGA.D8.A1XA.01;0.158612315286523;4349.9484;0.273855327205804;3696.8631
TCGA.D8.A1XB.01;0.224826141681345;5986.7388;0.269779649162469;4063.0653
TCGA.D8.A1XC.01;0.0626158030004184;3221.6898;0.289816456724622;3537.4836
TCGA.D8.A1XD.01;0.193984601790032;5679.8406;0.238346273675882;4544.169
TCGA.D8.A1XF.01;0.0772077135199307;3119.3904;0.279649162469003;3574.5486
TCGA.D8.A1XG.01;0.145702441516921;4378.1178;0.282235935766918;3273.5808
TCGA.D8.A1XJ.01;0.17653431284653;4637.5728;0.302887733403039;3081.5841
TCGA.D8.A1XK.01;0.169931857149052;4418.148;0.178136237433503;6023.8038
TCGA.D8.A1XL.01;0.1580843532201;5113.4874;0.25442185281214;4807.3305
TCGA.D8.A1XM.01;0.258114120670682;4480.4172;0.269208814033501;4223.1861
TCGA.D8.A1XO.01;0.226043794482709;4994.8794;0.276233335923757;4137.9366
TCGA.D8.A1XQ.01;0.220623540193676;5101.6266;0.207071502751736;5961.5346
TCGA.D8.A1XR.01;0.142491307084067;4278.7836;0.298321758850417;3284.7003
TCGA.D8.A1XS.01;0.206045400049925;4808.0718;0.274158759987849;4010.433
TCGA.D8.A1XT.01;0.249612818051732;4719.1158;0.24193942648025;4667.2248
TCGA.D8.A1XU.01;0.214588013796159;5286.9516;0.308431475057755;3590.1159
TCGA.D8.A1XV.01;0.0855127150376019;3288.4068;0.273653980656602;4265.4402
TCGA.D8.A1XW.01;0.23111422263006;4621.2642;0.235449356044282;4555.2885
TCGA.D8.A1XY.01;0.237832408081277;5328.4644;0.29486601623489;3653.8677
TCGA.D8.A1XZ.01;0.208584422950939;4938.5406;0.253801210905212;3886.6359
TCGA.D8.A1Y0.01;0.25132854827425;4072.7022;0.265929337958417;3911.8401
TCGA.D8.A1Y1.01;0.239824717765894;5361.0816;0.275070471292221;4278.7836
TCGA.D8.A1Y2.01;0.277476733924698;4243.2012;0.242230849117254;4891.0974
TCGA.D8.A1Y3.01;0.135970008707565;4446.3174;0.23383964336934;5052.7008
TCGA.D8.A27E.01;0.120375204651223;3802.869;0.265139494302246;3805.8342
TCGA.D8.A27F.01;0.218124949459791;5337.36;0.206310977979046;6265.4676
TCGA.D8.A27G.01;0.2474060420893;4564.9254;0.27276770260055;3954.0942
TCGA.D8.A27H.01;0.242930083993432;5469.3114;0.222691402855589;5527.8741
TCGA.D8.A27I.01;0.291518415387194;4134.9714;0.25516365588815;4745.0613
TCGA.D8.A27K.01;0.217005447209067;4977.0882;0.290008265805704;3883.6707
TCGA.D8.A27L.01;0.255990259949536;4822.8978;0.28969635527422;3556.7574
TCGA.D8.A27M.01;0.276457140144923;4351.431;0.234980253908596;4911.8538
TCGA.D8.A27N.01;0.239670899738773;4682.0508;0.303263933534444;3379.5867
TCGA.D8.A27P.01;0.171024111634971;5168.3436;0.307114597978057;3259.4961
TCGA.D8.A27R.01;0.191460228224934;4573.821;0.296181127116788;3260.9787
TCGA.D8.A27T.01;0.265350306639899;4763.5938;0.2544292708429;4355.1375
TCGA.D8.A27V.01;0.223987613693496;4229.8578;0.324196909860329;2783.5815
TCGA.D8.A27W.01;0.196229466025846;3776.1822;0.282709276777325;4346.2419
TCGA.D8.A3Z5.01;0.16927410196641;5334.3948;0.302397790133313;3195.003
TCGA.D8.A3Z6.01;0.17626300714536;5023.0488;0.319532734710026;3090.4797
TCGA.D8.A4Z1.01;0.239985860460974;5147.5872;0.27277370767307;3795.456
TCGA.D8.A73U.01;0.258795607777508;4851.0672;0.250513963559807;4813.2609
TCGA.D8.A73W.01;0.218030314749772;4913.3364;0.286385794117855;3843.6405
TCGA.D8.A73X.01;0.196552923362878;5272.1256;0.285552855235363;3762.8388
TCGA.E2.A105.01;0.109229403912662;3841.4166;0.248440094103019;4740.6135
TCGA.E2.A106.01;0.106178826201451;4014.8808;0.321547613160293;3108.2709
TCGA.E2.A107.01;0.113650280505484;3748.0128;0.324608787187295;3123.8382
TCGA.E2.A108.01;0.32853289244692;2895.5178;0.216377245720503;5109.7809
TCGA.E2.A109.01;0.170957017676475;4324.7442;0.291633874260846;3698.3457
TCGA.E2.A10A.01;0.15591214969043;4699.842;0.296221043187069;3606.4245
TCGA.E2.A10B.01;0.197911795762475;4757.6634;0.281483535504108;4002.2787
TCGA.E2.A10C.01;0.158976204790684;5217.2694;0.310522300013423;3286.1829
TCGA.E2.A10E.01;0.174170203016357;4323.2616;0.296369757041831;3467.8014
TCGA.E2.A10F.01;0.250449588119271;4846.6194;0.253771538782171;4539.7212
TCGA.E2.A14N.01;0.14676334642398;4480.4172;0.207562152500583;5578.2825
TCGA.E2.A14O.01;0.127001392272886;4717.6332;0.285631274417685;3372.1737
TCGA.E2.A14P.01;0.153515518334523;4123.1106;0.285069270277717;3858.4665
TCGA.E2.A14Q.01;0.189976250496612;5331.4296;0.305776879764319;3152.7489
TCGA.E2.A14R.01;0.147152139799199;4845.1368;0.218267783845648;5938.5543
TCGA.E2.A14S.01;0.128716536521966;4422.5958;0.255224766332031;4190.5689
TCGA.E2.A14T.01;0.143428571595992;4268.4054;0.30367969649657;3229.1028
TCGA.E2.A14U.01;0.127838455327143;5547.8892;0.294787243813009;3413.6865
TCGA.E2.A14V.01;0.152154888014617;5036.3922;0.32570630250023;3367.7259
TCGA.E2.A14W.01;0.115400876147482;4619.7816;0.287097218591705;3745.7889
TCGA.E2.A14X.01;0.199600278220188;4446.3174;0.235752788826326;5300.295
TCGA.E2.A14Y.01;0.136070796138669;4824.3804;0.290807646929995;4128.2997
TCGA.E2.A14Z.01;0.224060860373078;4553.0646;0.236534154733057;5114.97
TCGA.E2.A150.01;0.201171858977289;4920.7494;0.233029665058249;4894.0626
TCGA.E2.A152.01;0.23573491616478;4974.123;0.314167025793553;2983.7325
TCGA.E2.A153.01;0.269491673903439;4808.0718;0.284996502928356;3847.347
TCGA.E2.A154.01;0.17295840994936;5386.2858;0.292094498647092;3242.4462
TCGA.E2.A155.01;0.115459766477866;3387.741;0.301755953852784;2851.7811
TCGA.E2.A156.01;0.0691168852933559;3604.2006;0.274038658537447;4129.7823
TCGA.E2.A158.01;0.0924201699088577;3958.542;0.20883593435396;5868.8721
TCGA.E2.A159.01;0.207583873307855;4716.1506;0.298393466481098;3550.0857
TCGA.E2.A15A.01;0.184677292708967;4360.3266;0.292962761485584;3690.9327
TCGA.E2.A15A.06;0.19168319111758;4564.9254;0.265165987269246;4427.0436
TCGA.E2.A15C.01;0.211731100305761;5015.6358;0.300269521784284;3374.3976
TCGA.E2.A15D.01;0.202099161940791;4997.8446;0.285492804510163;3371.4324
TCGA.E2.A15E.01;0.191430050592947;5343.2904;0.287266773580507;3945.1986
TCGA.E2.A15E.06;0.101830024341337;3664.9872;0.290855687510156;3820.6602
TCGA.E2.A15F.01;0.157559906994296;4234.3056;0.280790479487379;3789.5256
TCGA.E2.A15G.01;0.111601717370948;4407.7698;0.297015478957519;3607.1658
TCGA.E2.A15H.01;0.163882560375773;4868.8584;0.309072958098723;2740.5861
TCGA.E2.A15I.01;0.201708610645262;4917.7842;0.273286611514197;4116.4389
TCGA.E2.A15J.01;0.11509499801355;3793.9734;0.297535447589847;2718.3471
TCGA.E2.A15K.01;0.173612356304664;4788.798;0.305966922647601;3141.6294
TCGA.E2.A15K.06;0.0341641557704906;2834.7312;0.321690675182095;2826.5769
TCGA.E2.A15L.01;0.202620678299411;4839.2064;0.289058757868411;3498.936
TCGA.E2.A15M.01;0.300598659761556;3485.5926;0.255472034024034;4259.5098
TCGA.E2.A15O.01;0.112689284069375;4121.628;0.288775106501727;3475.9557
TCGA.E2.A15P.01;0.189014668087066;4745.8026;0.289216655951733;3620.5092
TCGA.E2.A15R.01;0.114275221175674;3599.7528;0.250808565352851;5165.3784
TCGA.E2.A15S.01;0.0840934873740303;3352.1586;0.273425787900839;4066.7718
TCGA.E2.A15T.01;0.103316345963405;3472.2492;0.299641461846595;3290.6307
TCGA.E2.A1AZ.01;0.26530987447277;3894.7902;0.151513278275061;6804.3927
TCGA.E2.A1B0.01;0.235916567930143;4341.0528;0.313901389644429;3258.7548
TCGA.E2.A1B1.01;0.304361781171736;3562.6878;0.31393742007955;3399.6018
TCGA.E2.A1B4.01;0.137561805548231;5243.9562;0.281799331670752;3537.4836
TCGA.E2.A1B5.01;0.250046438394855;4367.7396;0.251535532367341;4743.5787
TCGA.E2.A1B6.01;0.194397420076153;5742.1098;0.189603100030379;5985.2562
TCGA.E2.A1BC.01;0.244670718087008;4864.4106;0.258245671049192;4229.1165
TCGA.E2.A1BD.01;0.174816238730266;5006.7402;0.278991077168714;3953.3529
TCGA.E2.A1IE.01;0.122125800293221;4008.9504;0.304505217348301;3268.3917
TCGA.E2.A1IF.01;0.230652182575259;5534.5458;0.293866348280077;3270.6156
TCGA.E2.A1IG.01;0.218223685983867;5386.2858;0.271516528079013;4191.3102
TCGA.E2.A1IH.01;0.298911642237434;3750.978;0.237230389905826;4778.4198
TCGA.E2.A1II.01;0.183832319013315;4625.712;0.167586031494839;7256.5857
TCGA.E2.A1IJ.01;0.281642712072576;4527.8604;0.274368937526051;4316.5899
TCGA.E2.A1IK.01;0.136400992170223;4683.5334;0.28015641447717;3642.0069
TCGA.E2.A1IL.01;0.19662617004246;5057.1486;0.287619659900952;3531.5532
TCGA.E2.A1IN.01;0.23878754478302;5504.8938;0.277064861848008;3859.2078
TCGA.E2.A1IO.01;0.271321375959385;4652.3988;0.269006761005179;4029.7068
TCGA.E2.A1IU.01;0.151391950600095;4376.6352;0.299915222505599;3427.7712
TCGA.E2.A1L6.01;0.205937580937581;5371.4598;0.280326675945092;4002.2787
TCGA.E2.A1L7.01;0.194180023931155;4849.5846;0.237826658283114;4803.624
TCGA.E2.A1L8.01;0.222503928951893;5186.1348;0.271173885705808;4303.2465
TCGA.E2.A1L9.01;0.251157737017465;5113.4874;0.271041067631246;4146.0909
TCGA.E2.A1LA.01;0.197483449180282;5125.3482;0.265583163189612;4352.9136
TCGA.E2.A1LB.01;0.172878424575257;5036.3922;0.309616593781571;3163.1271
TCGA.E2.A1LE.01;0.247365902908889;4603.473;0.25658650483585;4372.9287
TCGA.E2.A1LG.01;0.0847242877785864;3736.152;0.288756031565487;3725.0325
TCGA.E2.A1LH.01;0.214941648765178;4954.8492;0.206319102488926;6176.5116
TCGA.E2.A1LI.01;0.149139761696323;5113.4874;0.216304478371142;5348.4795
TCGA.E2.A1LK.01;0.0932633856842002;4990.4316;0.222625347057868;5604.9693
TCGA.E2.A1LL.01;0.159771956717658;5085.318;0.225926017506553;5600.5215
TCGA.E2.A1LS.01;0.147838900666955;4821.4152;0.23159162680947;5214.3042
TCGA.E2.A2P5.01;0.180002103644638;4658.3292;0.259858209640614;3421.8408
TCGA.E2.A2P6.01;0.134840544908418;4809.5544;0.317030738906512;3226.8789
TCGA.E2.A3DX.01;0.301907431432318;3676.848;0.264851250821282;4386.2721
TCGA.E2.A56Z.01;0.119513237725907;3933.3378;0.282849159643087;3815.4711
TCGA.E2.A570.01;0.212096161756795;5799.9312;0.251844263742785;4296.5748
TCGA.E2.A572.01;0.0746540412830006;4376.6352;0.27352822737324;4017.846
TCGA.E2.A573.01;0.180678024003816;5289.9168;0.233311903466693;5672.4276
TCGA.E2.A574.01;0.100866098038044;5212.8216;0.262671409496492;4721.3397
TCGA.E2.A576.01;0.126854898913722;4326.2268;0.270625304669121;3786.5604
TCGA.E2.A9RU.01;0.172021438424153;5503.4112;0.271579051481133;3864.3969
TCGA.E9.A1N3.01;0.095682870004137;3309.1632;0.271042127349926;3957.0594
TCGA.E9.A1N4.01;0.251011829631739;4741.3548;0.230848764014779;5151.2937
TCGA.E9.A1N5.01;0.239695803609831;4947.4362;0.260533250439783;4108.2846
TCGA.E9.A1N6.01;0.226652913870108;5193.5478;0.252804368866878;4787.3154
TCGA.E9.A1N8.01;0.146475633466584;5392.2162;0.19555942549118;6175.029
TCGA.E9.A1N9.01;0.218291951889237;4647.951;0.241694984704727;4809.5544
TCGA.E9.A1NA.01;0.207171348008452;5255.817;0.240103287247345;5526.3915
TCGA.E9.A1NC.01;0.238888039227406;4422.5958;0.235814252509767;5194.2891
TCGA.E9.A1ND.01;0.202133441386835;5180.2044;0.239915717040983;4946.6949
TCGA.E9.A1NE.01;0.268593376625051;4213.5492;0.250206291903043;4569.3732
TCGA.E9.A1NF.01;0.293970421232865;3869.586;0.238728478879807;4606.4382
TCGA.E9.A1NG.01;0.300338194568964;3820.6602;0.270380509654037;4333.6398
TCGA.E9.A1NH.01;0.245378281011765;4999.3272;0.274604548312575;3650.1612
TCGA.E9.A1NI.01;0.200642431977274;5343.2904;0.281726564321391;3702.7935
TCGA.E9.A1QZ.01;0.256589710775231;4456.6956;0.228187103930143;4970.4165
TCGA.E9.A1R0.01;0.227207244741181;5281.0212;0.260496160285983;4395.909
TCGA.E9.A1R2.01;0.176977308764639;4587.1644;0.261644542095558;4859.2215
TCGA.E9.A1R3.01;0.230108985199483;5304.7428;0.301585339145302;3457.4232
TCGA.E9.A1R4.01;0.194683961086676;4680.5682;0.28751933986591;3891.825
TCGA.E9.A1R5.01;0.211131649480066;5942.2608;0.27496873829894;3498.936
TCGA.E9.A1R6.01;0.148974810173905;4321.779;0.263019350463097;4159.4343
TCGA.E9.A1R7.01;0.137157776863659;3509.3142;0.29635174182427;3813.9885
TCGA.E9.A1RA.01;0.185466891914856;4991.9142;0.294358410987163;3017.8323
TCGA.E9.A1RB.01;0.178837481439291;4937.058;0.247913767158612;4824.3804
TCGA.E9.A1RC.01;0.157842346190762;5429.2812;0.298348605056977;3215.0181
TCGA.E9.A1RD.01;0.16331592406253;4126.0758;0.289959165506863;3987.4527
TCGA.E9.A1RE.01;0.150585065177825;3979.2984;0.264424537432796;3901.4619
TCGA.E9.A1RF.01;0.216864227610834;4502.6562;0.270001483606152;4032.672
TCGA.E9.A1RG.01;0.149279516360964;4814.0022;0.263366231711022;4576.0449
TCGA.E9.A1RH.01;0.205010570960797;5166.861;0.23531795092796;4576.7862
TCGA.E9.A1RI.01;0.260505771252378;4897.0278;0.268112358439246;4373.67
TCGA.E9.A226.01;0.233434091465766;5494.5156;0.286319385080574;3678.3306
TCGA.E9.A227.01;0.234509938695459;4524.8952;0.281481416066748;3955.5768
TCGA.E9.A228.01;0.146151590156115;4308.4356;0.268747836407695;4141.6431
TCGA.E9.A229.01;0.257305477328102;5189.1;0.266229944823981;4101.6129
TCGA.E9.A22A.01;0.283372798644292;4096.4238;0.258408867725914;4635.3489
TCGA.E9.A22B.01;0.232659434582511;4696.8768;0.279051481133475;3717.6195
TCGA.E9.A22D.01;0.191306410197813;4988.949;0.263897150769709;4862.1867
TCGA.E9.A22E.01;0.310947243639551;3645.7134;0.22427250312617;5201.7021
TCGA.E9.A22G.01;0.12237981977801;4467.0738;0.188660303644726;6335.8911
TCGA.E9.A22H.01;0.130037613634899;3994.1244;0.283572594261977;3817.695
TCGA.E9.A243.01;0.275856810359073;3997.0896;0.236418645396935;4518.2235
TCGA.E9.A244.01;0.203891361696792;4819.9326;0.232165287854917;5187.6174
TCGA.E9.A245.01;0.121706243312578;3896.2728;0.280058213879489;3682.7784
TCGA.E9.A247.01;0.132510128550853;4358.844;0.260249952312659;4415.1828
TCGA.E9.A248.01;0.204322638146168;4517.4822;0.299896500808919;3233.5506
TCGA.E9.A249.01;0.120562423164233;3939.2682;0.280822624287339;3820.6602
TCGA.E9.A24A.01;0.219734032516838;4661.2944;0.296376468593471;3468.5427
TCGA.E9.A295.01;0.213192518056771;4741.3548;0.279611365836083;4035.6372
TCGA.E9.A2JS.01;0.160621325214085;4579.7514;0.271089814690527;4145.3496
TCGA.E9.A2JT.01;0.260231242697306;4401.8394;0.175460801006026;6081.6252
TCGA.E9.A3HO.01;0.148354557291209;4668.7074;0.244668202081287;3990.4179
TCGA.E9.A3Q9.01;0.17412947786251;4997.8446;0.269543685136386;3306.198
TCGA.E9.A3QA.01;0.203950545013893;5203.926;0.22353070005016;5338.1013
TCGA.E9.A3X8.01;0.219869978354141;4935.5754;0.244270807576282;4868.8584
TCGA.E9.A54X.01;-0.0124107708949338;3005.2302;0.297014419238839;3641.2656
TCGA.E9.A54Y.01;0.0168914167782945;3581.9616;0.28014546405081;3255.0483
TCGA.E9.A5FK.01;0.225296385364259;4873.3062;0.250226779797523;4789.5393
TCGA.E9.A5FL.01;0.19957713226944;5556.7848;0.242828883692342;4392.9438
TCGA.E9.A5UO.01;0.0340651262596964;3031.917;0.284675761407872;3984.4875
TCGA.E9.A5UP.01;0.0161331671512667;3568.6182;0.320969713240125;2939.9958
TCGA.E9.A6HE.01;0.196062756583119;5112.0048;0.253922018834733;4093.4586
TCGA.EW.A1IW.01;0.235126675737536;4616.8164;0.288622860251365;3521.9163
TCGA.EW.A1IX.01;0.243116130559569;5407.0422;0.273048528050754;3722.8086
TCGA.EW.A1IY.01;0.261807804228619;3915.5466;0.267921962316404;3817.695
TCGA.EW.A1IZ.01;0.181981521913649;5152.035;0.2808936254389;3870.3273
TCGA.EW.A1J1.01;0.131984510378176;4152.7626;0.284629133785951;3725.7738
TCGA.EW.A1J2.01;0.265025091382557;4910.3712;0.288147046564039;3981.5223
TCGA.EW.A1J3.01;0.173735996699798;4910.3712;0.290956714024317;3357.3477
TCGA.EW.A1J5.01;0.188634664313397;4983.0186;0.261375373550835;4601.9904
TCGA.EW.A1J6.01;0.147670726290636;4634.6076;0.232540428267643;4250.6142
TCGA.EW.A1OV.01;0.231399884680428;4987.4664;0.216349693034822;5295.8472
TCGA.EW.A1OW.01;0.238608822884841;5318.0862;0.185818844624047;6388.5234
TCGA.EW.A1OX.01;0.0441309779545074;3623.4744;0.298065306929854;2760.6012
TCGA.EW.A1OY.01;0.150465819583467;4698.3594;0.283518548609296;3969.6615
TCGA.EW.A1OZ.01;0.194603682725855;4913.3364;0.268191130861127;3832.521
TCGA.EW.A1P0.01;0.155250878667168;3908.1336;0.262097395211485;4024.5177
TCGA.EW.A1P1.01;0.331376914521711;3098.634;0.235169237073198;4640.538
TCGA.EW.A1P3.01;0.184057039826271;5332.9122;0.279181473291557;4001.5374
TCGA.EW.A1P4.01;0.20873296721713;5005.2576;0.218658466799014;5752.488
TCGA.EW.A1P5.01;0.150173418838577;4484.865;0.275288773340304;3538.9662
TCGA.EW.A1P6.01;0.189371525909988;4607.9208;0.289840477014702;3289.8894
TCGA.EW.A1P7.01;0.292025282409898;4142.3844;0.193714102029715;6141.6705
TCGA.EW.A1P8.01;0.192510878596851;5399.6292;0.202440178880513;6020.0973
TCGA.EW.A1PA.01;0.188022615058814;4440.387;0.263138392194819;4515.9996
TCGA.EW.A1PB.01;0.166060330653091;5263.23;0.218202434527048;5001.5511
TCGA.EW.A1PC.01;0.134156127934408;4848.102;0.284046641751503;3938.5269
TCGA.EW.A1PD.01;0.228572855835299;4747.2852;0.305649360283157;3488.5578
TCGA.EW.A1PE.01;0.213725167910688;4714.668;0.311984358552283;3126.0621
TCGA.EW.A1PF.01;0.243889908482669;4244.6838;0.299005983878146;3047.4843
TCGA.EW.A1PG.01;0.254960704621338;5236.5432;0.266413629395183;3953.3529
TCGA.EW.A1PH.01;0.176266815972698;4815.4848;0.237089447321384;5617.5714
TCGA.EW.A2FR.01;0.287068533109257;4265.4402;0.273471355804079;4114.215
TCGA.EW.A2FS.01;0.187299230851267;4996.362;0.284491370357549;3645.7134
TCGA.EW.A2FV.01;0.236257604470274;4083.0804;0.310471080277222;3355.8651
TCGA.EW.A2FW.01;0.151075524944303;4292.127;0.269685687439508;3856.2426
TCGA.EW.A3E8.01;0.22728283531451;4840.689;0.251770083435184;4577.5275
TCGA.EW.A3U0.01;0.272268016046297;4161.6582;0.146393777331911;6430.0362
TCGA.EW.A423.01;0.105767765835639;3973.368;0.310596127081464;2998.5585
TCGA.EW.A424.01;0.184794194409579;5983.7736;0.267916310483444;4434.4566
TCGA.EW.A6S9.01;0.198770539833888;5066.0442;0.298437268186539;3317.3175
TCGA.EW.A6SA.01;0.0712685797527426;3762.8388;0.242963821204264;4812.5196
TCGA.EW.A6SB.01;0.136140526977631;5301.7776;0.190764198464114;6175.7703
TCGA.EW.A6SC.01;0.242127886358656;4990.4316;0.270250164256395;4323.2616
TCGA.EW.A6SD.01;0.173436857260387;4610.886;0.293079683779946;3643.4895
TCGA.GI.A2C8.01;0.262062995660281;4447.8;0.276820420072485;4129.041
TCGA.GI.A2C9.01;0.228840352709131;5503.4112;0.242956756413064;4684.2747
TCGA.GM.A2D9.01;0.193698353766227;5355.1512;0.298853384388224;3186.1074
TCGA.GM.A2DA.01;0.257280573457044;4828.8282;0.260774513059267;4163.8821
TCGA.GM.A2DB.01;0.140990922099519;4865.8932;0.30072802673317;3381.0693
TCGA.GM.A2DC.01;0.120969674702706;4258.0272;0.283783478279299;3873.2925
TCGA.GM.A2DD.01;0.25237158099149;4604.9556;0.241842992080369;4711.7028
TCGA.GM.A2DF.01;0.219209293304316;4673.1552;0.197122863783761;6670.2174
TCGA.GM.A2DH.01;0.177418839749156;4999.3272;0.252758447724078;5048.253
TCGA.GM.A2DI.01;0.287546101460129;3586.4094;0.246365164927551;5145.3633
TCGA.GM.A2DK.01;0.23148690173577;4849.5846;0.289815750245502;3761.3562
TCGA.GM.A2DL.01;0.252104670091095;5252.8518;0.268628794675973;4020.0699
TCGA.GM.A2DM.01;0.115456543623965;4091.976;0.286097550636891;3563.4291
TCGA.GM.A2DN.01;0.212609474487303;4888.1322;0.30072802673317;3159.4206
TCGA.GM.A2DO.01;0.168870952241993;6347.0106;0.223147788367115;4776.9372
TCGA.GM.A3NW.01;0.160168660734272;4631.6424;0.278856139656792;3648.6786
TCGA.GM.A3NY.01;0.171643192570794;5592.3672;0.292958875850424;3246.894
TCGA.GM.A3XG.01;0.168896442086487;6143.8944;0.274811899934297;4053.4284
TCGA.GM.A3XL.01;0.118975607097779;4573.821;0.22499523126594;4982.2773
TCGA.GM.A3XN.01;0.252819850670529;4990.4316;0.242338233943496;4438.9044
TCGA.GM.A4E0.01;0.289789207775633;4118.6628;0.228000240202901;5005.2576
TCGA.GM.A5PV.01;0.125109284045936;4818.45;0.294992122757812;3631.6287
TCGA.GM.A5PX.01;0.237196919889228;5117.9352;0.260774159819707;4121.628
TCGA.HN.A2NL.01;0.155560272641721;4548.6168;0.130218584639731;6978.5982
TCGA.HN.A2OB.01;0.270677098165786;4870.341;0.2691293351325;3957.8007
TCGA.JL.A3YW.01;0.264967080012329;4618.299;0.262268363158527;4195.0167
TCGA.JL.A3YX.01;0.154865601132569;5026.014;0.294369008173963;3418.8756
TCGA.LD.A66U.01;0.200616356159343;4885.167;0.266456371381944;3929.6313
TCGA.LD.A74U.01;0.258890242487528;4619.7816;0.279991804842208;3597.5289
TCGA.LD.A7W5.01;0.22893850325977;4765.0764;0.250886278056052;4513.7757
TCGA.LD.A7W6.01;0.179061616278811;4981.536;0.288620034334885;3622.7331
TCGA.LD.A9QF.01;0.274778033262196;4235.7882;0.26693854338135;4238.0121
TCGA.LL.A440.01;0.312945120071817;3470.7666;0.221542314566893;4932.6102
TCGA.LL.A441.01;0.226982230941507;5028.9792;0.184653860555151;6192.8202
TCGA.LL.A442.01;0.0859806148267687;4588.647;0.264775657555441;4098.6477
TCGA.LL.A50Y.01;0.129681927758851;4403.322;0.285148749178718;3916.2879
TCGA.LL.A5YL.01;0.181538233008821;4821.4152;0.30218937879291;3647.9373
TCGA.LL.A5YM.01;0.139999162057986;4351.431;0.254125484821296;4558.995
TCGA.LL.A5YN.01;0.166323432726148;4808.0718;0.273215610362636;3905.1684
TCGA.LL.A5YO.01;0.205515094089755;5116.4526;0.255014235554268;4744.32
TCGA.LL.A5YP.01;0.263855781389718;4738.3896;0.190770556776194;6439.6731
TCGA.LL.A6FP.01;0.0470807682346144;3332.8848;0.294560464015486;3575.2899
TCGA.LL.A6FQ.01;0.132972461592371;4389.9786;0.274093763908808;3942.2334
TCGA.LL.A6FR.01;0.184575333330989;5493.033;0.242226610242534;4964.4861
TCGA.LL.A73Y.01;0.260528331229689;4474.4868;0.202580061746275;6564.2115
TCGA.LL.A73Z.01;0.238317008113388;4920.7494;0.286656728860379;4185.3798
TCGA.LL.A740.01;0.226933595146265;4647.951;0.29188997294185;3390.7062
TCGA.LL.A7SZ.01;0.179662532038098;5266.1952;0.243124898443627;4347.7245
TCGA.LL.A7T0.01;0.138448969331322;4114.215;0.27940472069348;3709.4652
TCGA.LL.A8F5.01;0.189204230493823;4954.8492;0.157707687199305;7593.8772
TCGA.LL.A9Q3.01;0.163529804366908;4389.9786;0.293594707058433;3459.6471
TCGA.LQ.A4E4.01;0.14008940196723;4357.3614;0.302865479310759;3192.0378
TCGA.MS.A51U.01;0.239943670373535;5120.9004;0.281266646414265;4185.3798
TCGA.OK.A5Q2.01;0.228158572615586;4873.3062;0.295492663214339;3498.936
TCGA.OL.A5D6.01;0.22448744903496;4981.536;0.299419627402912;3661.2807
TCGA.OL.A5D7.01;0.12006581067667;4723.5636;0.160407497156422;6524.9226
TCGA.OL.A5D8.01;0.122143672483039;4217.997;0.272411990363625;3232.8093
TCGA.OL.A5DA.01;0.149687353872874;4692.429;0.263173009671699;4140.9018
TCGA.OL.A5RU.01;0.197757977735353;4742.8374;0.302828742396518;3154.9728
TCGA.OL.A5RV.01;0.17315617598423;4945.9536;0.32497827576706;2647.9236
TCGA.OL.A5RW.01;0.137768947158087;5355.1512;0.239375260514175;4927.4211
TCGA.OL.A5RX.01;0.20112966888985;5497.4808;0.291221643694321;3173.5053
TCGA.OL.A5RY.01;0.279665344710594;3876.999;0.269901870050231;4335.8637
TCGA.OL.A5RZ.01;0.109678845538574;3522.6576;0.275593972320148;3597.5289
TCGA.OL.A5S0.01;0.234390986087819;4851.0672;0.19631747758695;6077.1774
TCGA.OL.A66H.01;0.180266670651286;4271.3706;0.274799536549697;3790.2669
TCGA.OL.A66I.01;0.246081156149029;4336.605;0.162974842278536;6814.0296
TCGA.OL.A66J.01;0.226766592716819;4811.037;0.268718870763775;4117.9215
TCGA.OL.A66K.01;0.197638439154276;5122.383;0.290609832776392;3653.1264
TCGA.OL.A66L.01;0.217050860150408;5134.2438;0.250884158618692;4590.8709
TCGA.OL.A66N.01;0.217771314490771;4662.777;0.297102022649721;3350.676
TCGA.OL.A66O.01;0.114166816089893;5246.9214;0.28749920521099;3773.9583
TCGA.OL.A66P.01;0.223456428773171;4671.6726;0.228294135516825;4968.1926
TCGA.OL.A6VO.01;0.14069500551401;4284.714;0.20366592015373;5966.7237
TCGA.OL.A6VQ.01;0.249100091294661;5328.4644;0.289407758553696;3696.1218
TCGA.OL.A6VR.01;0.0930298752696943;4037.1198;0.298583862603941;3381.0693
TCGA.OL.A97C.01;0.245477603509278;4541.2038;0.228450973881467;5063.8203
TCGA.PE.A5DC.01;0.154395357449656;5052.7008;0.272590729580987;4017.1047
TCGA.PE.A5DD.01;0.194494691666637;5283.9864;0.275995605699873;3876.999
TCGA.PE.A5DE.01;0.210454557174014;4974.123;0.273738758151003;4057.1349
TCGA.PL.A8LV.01;0.176916953500664;4816.9674;0.250611104438808;4971.8991
TCGA.PL.A8LX.01;0.0999894817768121;3857.7252;0.237179876648746;4474.4868
TCGA.PL.A8LY.01;0.138515770303101;6017.8734;0.265028223840844;4518.2235
TCGA.PL.A8LZ.01;0.25697323038952;4378.1178;0.183950560591182;5838.4788
TCGA.S3.A6ZF.01;0.173787855348941;4606.4382;0.296980155001519;3366.2433
TCGA.S3.A6ZG.01;0.140850581461441;4381.083;0.3000052985934;3548.6031
TCGA.S3.A6ZH.01;0.114968427751233;3623.4744;0.324388012462292;2811.7509
TCGA.S3.AA0Z.01;0.169933322082643;5052.7008;0.189535631274418;6863.6967
TCGA.S3.AA10.01;0.199202695243419;5217.2694;0.185429927868482;6709.5063
TCGA.S3.AA11.01;0.110024862852917;4640.538;0.287759542766713;3381.8106
TCGA.S3.AA12.01;0.0929885641424103;3931.8552;0.254293626851858;4028.9655
TCGA.S3.AA14.01;0.215924619205162;5272.1256;0.281849491688273;3607.9071
TCGA.S3.AA15.01;0.28351313928237;4063.8066;0.156418009565727;6049.008
TCGA.S3.AA17.01;0.187079490812523;5033.427;0.2882074505288;3094.1862
TCGA.UL.AAZ6.01;0.0853131910824219;4443.3522;0.287943580577476;3760.6149
TCGA.UU.A93S.01;0.0883447246569419;4424.0784;0.278511377846228;3925.1835
TCGA.V7.A7HQ.01;0.142326062574931;5291.3994;0.272551166750267;4000.0548
TCGA.W8.A86G.01;0.171189649130826;5903.7132;0.293283503006069;3639.0417
TCGA.WT.AB41.01;0.16629149717385;5315.121;0.2470483302366;4467.0738
TCGA.WT.AB44.01;0.205164974961355;5874.0612;0.266653125816867;3985.2288
TCGA.XX.A899.01;0.277141557118933;3943.716;0.254705504178824;4666.4835
TCGA.XX.A89A.01;0.294667436635762;4213.5492;0.257119896571457;4087.5282
TCGA.Z7.A8R5.01;0.215328684220087;5242.4736;0.268168876768847;3928.89
TCGA.Z7.A8R6.01;0.135184218329015;4533.7908;0.278435784580387;3504.1251